MapID;Name;Shape;Position;Rotation;Unk2C;Unk40;MapStudioLayer;UnkE08;MapID;UnkS04;UnkS0C;ActivationPartName;EntityID;UnkT00;UnkT04;
m10_00_00_00;プレイ領域 1000001;SoulsFormats.MSB+Shape+Composite;<0, 0, 0>;<0, 0, 0>;62;0;4294967295;255;-1;0;-1;;0;1000001;100;
m10_00_00_00;プレイ領域 1000003;SoulsFormats.MSB+Shape+Composite;<0, 0, 0>;<0, 0, 0>;125;0;4294967295;255;-1;0;-1;;0;1000003;100;
m10_00_00_00;プレイ領域 1000005;SoulsFormats.MSB+Shape+Composite;<0, 0, 0>;<0, 0, 0>;162;0;4294967295;255;-1;0;-1;;0;1000005;200;
m10_00_00_00;プレイ領域 1000006;SoulsFormats.MSB+Shape+Composite;<0, 0, 0>;<0, 0, 0>;121;0;4294967295;255;-1;0;-1;;0;1000006;100;
m10_00_00_00;プレイ領域 1000007;SoulsFormats.MSB+Shape+Composite;<0, 0, 0>;<0, 0, 0>;175;0;4294967295;255;-1;0;-1;;0;1000007;100;
m10_00_00_00;プレイ領域 1000011;SoulsFormats.MSB+Shape+Composite;<0, 0, 0>;<0, 0, 0>;167;0;4294967295;255;-1;0;-1;;0;1000011;100;
m10_00_00_00;プレイ領域 1000012;SoulsFormats.MSB+Shape+Composite;<0, 0, 0>;<0, 0, 0>;172;0;4294967295;255;-1;0;-1;;0;1000012;100;
m10_00_00_00;プレイ領域 1000090;SoulsFormats.MSB+Shape+Box;<-270.916, 81.135, 391.348>;<0, -40, 0>;177;0;4294967295;255;-1;0;-1;;0;1000090;100;
m10_00_00_00;プレイ領域 6101000 マルギット手前;SoulsFormats.MSB+Shape+Box;<20.385, -9.597, -12.083>;<0.4, 92.7, -0>;16;0;4294967295;255;-1;0;-1;;0;6101000;100;
m10_00_00_00;プレイ領域 Compositeパーツ 1000001 ③;SoulsFormats.MSB+Shape+Box;<-199.806, 29.851, -7.341>;<0, 0, 0>;101;0;4294967295;255;-1;0;-1;;0;0;0;
m10_00_00_00;プレイ領域 Compositeパーツ 1000007 ①;SoulsFormats.MSB+Shape+Box;<-226, 98.407, 106.553>;<0, -27, 0>;173;0;4294967295;255;-1;0;-1;;0;1000007;100;
m10_01_00_00;プレイ領域 1001002;SoulsFormats.MSB+Shape+Box;<-33.965, 20.462, -85.895>;<0, 170.441, 0>;12;0;4294967295;255;-1;0;-1;;0;1001001;0;
m10_01_00_00;プレイ領域 1001003;SoulsFormats.MSB+Shape+Box;<-20.78, 19.432, -36.124>;<0, 81.128, 0>;11;0;4294967295;255;-1;0;-1;;0;1001003;0;
m11_00_00_00;プレイ領域 1100001;SoulsFormats.MSB+Shape+Composite;<0, 0, 0>;<0, 0, 0>;136;0;4294967295;255;-1;0;-1;;0;1100001;100;
m11_00_00_00;プレイ領域 1100002→1100021 下層統一;SoulsFormats.MSB+Shape+Box;<-208.44, 18.55, -396.643>;<0, 30, 0>;276;0;4294967295;255;-1;0;-1;;0;1100021;200;
m11_00_00_00;プレイ領域 1100010;SoulsFormats.MSB+Shape+Composite;<0, 0, 0>;<0, 0, 0>;154;0;4294967295;255;-1;0;-1;;0;1100010;200;
m11_00_00_00;プレイ領域 1100012;SoulsFormats.MSB+Shape+Composite;<0, 0, 0>;<0, 0, 0>;142;0;4294967295;255;-1;0;-1;;0;1100012;200;
m11_00_00_00;プレイ領域 1100013;SoulsFormats.MSB+Shape+Composite;<0, 0, 0>;<0, 0, 0>;143;0;4294967295;255;-1;0;-1;;0;1100013;100;
m11_00_00_00;プレイ領域 1100015;SoulsFormats.MSB+Shape+Composite;<0, 0, 0>;<0, 0, 0>;117;0;4294967295;255;-1;0;-1;;0;1100015;100;
m11_00_00_00;プレイ領域 1100016;SoulsFormats.MSB+Shape+Composite;<0, 0, 0>;<0, 0, 0>;156;0;4294967295;255;-1;0;-1;;0;1100016;100;
m11_00_00_00;プレイ領域 1100018;SoulsFormats.MSB+Shape+Box;<-241.723, -12.548, -418.592>;<0, -46, 0>;138;0;4294967295;255;-1;0;-1;;0;1100018;100;
m11_00_00_00;プレイ領域 1100091 出口白壁直後 上書き用 マルチ禁止;SoulsFormats.MSB+Shape+Box;<-169.392, 29.822, -370.223>;<0, 0, 0>;458;0;4294967295;255;-1;0;-1;;0;1100091;200;
m11_00_00_00;プレイ領域 1100091 出口白壁直後 上書き用 マルチ禁止 {2};SoulsFormats.MSB+Shape+Box;<-172.445, 29.844, -401.809>;<0, 0, 0>;407;0;4294967295;255;-1;0;-1;;0;1100091;200;
m11_00_00_00;プレイ領域 中ボス部屋2階外 屋根上 マルチ禁止;SoulsFormats.MSB+Shape+Box;<-162.147, 33.451, -361.951>;<0, 0, 0>;145;0;4294967295;255;-1;0;-1;;0;1100091;200;
m11_00_00_00;領域 プレイ領域 城門内側上書き 1100016;SoulsFormats.MSB+Shape+Box;<-232.239, -35.333, -255.243>;<0, 61.249, 0>;410;0;4294967295;255;-1;0;-1;;0;1100016;99;
m11_00_00_00;領域 プレイ領域上書き 中ボス部屋 内側;SoulsFormats.MSB+Shape+Box;<-132.07, 29.934, -414.436>;<0.001, -179.673, 0.067>;406;0;4294967295;255;-1;0;-1;;0;1100010;20;
m11_05_00_00;プレイ領域 1105001 大樹舞台手前;SoulsFormats.MSB+Shape+Box;<4.024, 63.978, -373.029>;<0, -37.433, 0>;20;0;4294967295;255;-1;0;-1;;0;1105001;10;
m11_05_00_00;プレイ領域 1105011 灰 闘技場下;SoulsFormats.MSB+Shape+Box;<-236.542, -37.151, -422.963>;<0, 0, 0>;56;0;4294967295;255;-1;0;-1;;0;1105011;11;
m11_05_00_00;プレイ領域 1105011 灰 闘技場下 {2};SoulsFormats.MSB+Shape+Box;<-239.438, -39.58, -377.464>;<0, 44.356, 0>;57;0;4294967295;255;-1;0;-1;;0;1105011;11;
m11_05_00_00;プレイ領域 1105011 城壁 灰側 正門;SoulsFormats.MSB+Shape+Box;<-223.26, -28.743, -250.78>;<0, 62.423, 0>;54;0;4294967295;255;-1;0;-1;;0;1105011;11;
m11_05_00_00;プレイ領域 1105011 城壁 灰側 正門南;SoulsFormats.MSB+Shape+Box;<-256.353, -35.016, -193.753>;<0, 44.041, 0>;53;0;4294967295;255;-1;0;-1;;0;1105011;11;
m11_05_00_00;プレイ領域 1105011 大樹聖堂手前;SoulsFormats.MSB+Shape+Box;<-178.563, 29.027, -386.565>;<0, -90.332, 0>;19;0;4294967295;255;-1;0;-1;;0;1105011;10;
m11_05_00_00;プレイ領域 1105012 城壁正門上部;SoulsFormats.MSB+Shape+Box;<-225.742, -20.936, -252.576>;<0, 149.163, 0>;104;0;4294967295;255;-1;0;-1;;0;1105012;11;
m11_05_00_00;プレイ領域 1105013 闘技場 入り口階段;SoulsFormats.MSB+Shape+Box;<-343.525, 24.813, -396.516>;<0, 9.312, 0>;55;0;4294967295;255;-1;0;-1;;0;1105013;11;
m11_05_00_00;プレイ領域 1105090 大樹聖堂 奥（1105001）;SoulsFormats.MSB+Shape+Box;<-109.189, 31.215, -386.836>;<0, 90.139, 0>;52;0;4294967295;255;-1;0;-1;;0;1105090;11;
m11_05_00_00;プレイ領域 1105090 大樹聖堂 屋根1 （1105001）;SoulsFormats.MSB+Shape+Box;<-159.529, 33.031, -363.028>;<0, 179.778, 0>;100;0;4294967295;255;-1;0;-1;;0;1105090;11;
m11_05_00_00;プレイ領域 1105090 大樹聖堂 屋根2 （1105001）;SoulsFormats.MSB+Shape+Box;<-110.531, 31.477, -362.952>;<0, 90.524, 0>;101;0;4294967295;255;-1;0;-1;;0;1105090;11;
m11_05_00_00;プレイ領域 1105091;SoulsFormats.MSB+Shape+Box;<-15.72, 0.044, 1.352>;<0, -89.633, 0>;95;0;4294967295;255;-1;0;-1;;0;1105091;11;
m11_05_00_00;プレイ領域 1105091 {2};SoulsFormats.MSB+Shape+Box;<-35.875, 0.015, 13.56>;<0, 135.061, 0>;96;0;4294967295;255;-1;0;-1;;0;1105091;11;
m11_05_00_00;プレイ領域 1105091 {3};SoulsFormats.MSB+Shape+Box;<-47.831, -84.338, 25.451>;<0, 133.731, 0>;97;0;4294967295;255;-1;0;-1;;0;1105091;11;
m11_05_00_00;プレイ領域 1900001 大樹舞台奥;SoulsFormats.MSB+Shape+Box;<52.316, 63.372, -435.448>;<0, 142.572, 0>;21;0;4294967295;255;-1;0;-1;;0;1900001;10;
m11_05_00_00;プレイ領域 3500002 (王都下水との接続部);SoulsFormats.MSB+Shape+Cylinder;<-157.476, -63.961, -201.533>;<0, 0, 0>;12;0;4294967295;255;-1;0;-1;;0;3500002;100;
m12_01_00_00;プレイ領域 1201000;SoulsFormats.MSB+Shape+Box;<-91.298, -224.496, 51.484>;<0, -33, 0>;326;0;4294967295;255;-1;0;-1;;2;1201000;200;
m12_01_00_00;プレイ領域 1201002;SoulsFormats.MSB+Shape+Box;<83.279, -152.282, -32.184>;<0, 19.2, 0>;383;0;4294967295;255;-1;0;-1;;8;1201002;900;
m12_01_00_00;プレイ領域 1201003;SoulsFormats.MSB+Shape+Box;<-89.703, -224.397, 48.876>;<0, -33.3, 0>;327;0;4294967295;255;-1;0;-1;;0;1201003;100;
m12_01_00_00;プレイ領域 1201003 {2};SoulsFormats.MSB+Shape+Box;<-52.859, -217.322, -128.307>;<0, 0, 0>;104;0;4294967295;255;-1;0;-1;;12;1201003;900;
m12_01_00_00;プレイ領域 1201013;SoulsFormats.MSB+Shape+Box;<-163.155, -173.107, 173.785>;<0, 17.5, 0>;253;0;4294967295;255;-1;0;-1;;4;1201013;500;
m12_01_00_00;プレイ領域 1201013 {2};SoulsFormats.MSB+Shape+Box;<-106.251, -165.827, 155.259>;<0, 24.2, 0>;250;0;4294967295;255;-1;0;-1;;3;1201013;300;
m12_01_00_00;プレイ領域 1201013 {3};SoulsFormats.MSB+Shape+Box;<-122.631, -171.92, 190.794>;<0, 0, 0>;260;0;4294967295;255;-1;0;-1;;5;1201013;400;
m12_01_00_00;プレイ領域 1201016;SoulsFormats.MSB+Shape+Box;<-453.23886, -349.91437, -524.08655>;<0, -5, 0>;200;0;4294967295;255;-1;0;-1;;0;1201016;200;
m12_02_00_00;プレイ領域 1202000;SoulsFormats.MSB+Shape+Box;<1305.481, -620.243, 1851.913>;<0, 54.9, 0>;488;0;4294967295;255;-1;0;-1;;5;1202000;900;
m12_02_00_00;プレイ領域 1202002;SoulsFormats.MSB+Shape+Box;<1183.085, -631.412, 1423.651>;<0, 30, 0>;490;0;4294967295;255;-1;0;-1;;2;1202002;300;
m12_02_00_00;プレイ領域 1202002 {2};SoulsFormats.MSB+Shape+Box;<1178.307, -632.429, 1451.827>;<0, 14.9, 0>;492;0;4294967295;255;-1;0;-1;;9;1202002;500;
m12_02_00_00;プレイ領域 1202004;SoulsFormats.MSB+Shape+Box;<1317.488, -623.704, 1868.222>;<0, 33.3, 0>;491;0;4294967295;255;-1;0;-1;;7;1202004;300;
m12_02_00_00;プレイ領域 ID1202001;SoulsFormats.MSB+Shape+Box;<1174.92, -615.653, 1426.792>;<0, 29.6, 0>;58;0;4294967295;255;-1;0;-1;;0;1202001;100;
m12_02_00_00;プレイ領域 ID1202006;SoulsFormats.MSB+Shape+Box;<980.597, -647.242, 1363.089>;<0, 30, 0>;80;0;4294967295;255;-1;0;-1;;0;1202006;0;
m12_02_00_00;プレイ領域 ID1202012;SoulsFormats.MSB+Shape+Box;<1288.306, -726.281, 1514.883>;<0, 29.4, 0>;210;0;4294967295;255;-1;0;-1;;0;1202012;100;
m12_02_00_00;プレイ領域 ID1202034;SoulsFormats.MSB+Shape+Box;<1410.4843, -821.718, 1570.4174>;<0, 30.5, 0>;125;0;4294967295;255;-1;0;-1;;0;1202034;100;
m12_02_00_00;プレイ領域 ID1207026;SoulsFormats.MSB+Shape+Box;<937.4895, -619.092, 1181.1877>;<0, 30, 0>;126;0;4294967295;255;-1;0;-1;;0;1207026;100;
m12_02_00_00;プレイ領域 中ボス部屋 1202020;SoulsFormats.MSB+Shape+Box;<1009.724, -618.497, 1138.058>;<0, 29.9, 0>;487;0;4294967295;255;-1;0;-1;;0;1202020;500;
m12_02_00_00;プレイ領域 中ボス部屋外 1202001;SoulsFormats.MSB+Shape+Box;<1024.7106, -618.9, 1171.0458>;<0, 30.5, 0>;489;0;4294967295;255;-1;0;-1;;8;1202001;100;
m12_02_00_00;プレイ領域comp ID1202002;SoulsFormats.MSB+Shape+Box;<992.92, -624.606, 1451.682>;<0, 30, 0>;60;0;4294967295;255;-1;0;-1;;0;1202002;200;
m12_02_00_00;プレイ領域comp ID1202003;SoulsFormats.MSB+Shape+Composite;<1177.678, -595.62, 1679.251>;<0, -35, 0>;57;0;4294967295;0;-1;0;-1;;0;1202003;100;
m12_02_00_00;プレイ領域comp ID1202005;SoulsFormats.MSB+Shape+Composite;<957.5, -631.975, 1427.846>;<0, 30.5, 0>;79;0;4294967295;255;-1;0;-1;;0;1202005;300;
m12_02_00_00;プレイ領域comp ID1202011;SoulsFormats.MSB+Shape+Composite;<1236.598, -678.752, 1536.676>;<0, -60.1, 0>;124;0;4294967295;255;-1;0;-1;;0;1202011;200;
m12_03_00_00;プレイ領域 ID1203004;SoulsFormats.MSB+Shape+Box;<-465.844, 146.918, -353.274>;<0, 33.5, 0>;230;0;4294967295;255;-1;0;-1;;5;1203004;200;
m12_03_00_00;プレイ領域 ID1203005;SoulsFormats.MSB+Shape+Box;<-665.021, 68.446, -108.971>;<0, 0, 0>;143;0;4294967295;255;-1;0;-1;;6;1203005;200;
m12_03_00_00;プレイ領域comp ID1203002;SoulsFormats.MSB+Shape+Composite;<-205.24, 146.472, -653.074>;<-16.56, -39.671, -25.938>;129;0;4294967295;255;-1;0;-1;;0;1203002;100;
m12_04_00_00;プレイ領域 1204001;SoulsFormats.MSB+Shape+Box;<-103.645, -108.093, -246.06>;<0, 1.1, 0>;4;0;4294967295;255;-1;0;-1;;0;1204001;200;
m12_05_00_00;プレイエリア上書き 1205002;SoulsFormats.MSB+Shape+Box;<1706.423, -621.387, 1175.069>;<0, 0, 0>;91;0;4294967295;255;-1;0;-1;;0;1205002;900;
m12_05_00_00;プレイ領域 ID1205006;SoulsFormats.MSB+Shape+Box;<1641.077, -565.619, 1242.738>;<0, 70, 0>;273;0;4294967295;255;-1;0;-1;;15;1205006;900;
m12_05_00_00;プレイ領域 ID1205006 {2};SoulsFormats.MSB+Shape+Box;<1695.937, -577.612, 1171.484>;<0, 30, 0>;284;0;4294967295;255;-1;0;-1;;17;1205006;920;
m12_05_00_00;プレイ領域 ID1205006 {3};SoulsFormats.MSB+Shape+Box;<1654.555, -565.908, 1188.554>;<0, -65.8, 0>;282;0;4294967295;255;-1;0;-1;;16;1205006;910;
m12_05_00_00;プレイ領域 ID1205006 {4};SoulsFormats.MSB+Shape+Box;<1623.265, -559.021, 1202.143>;<0, 24, 0>;320;0;4294967295;255;-1;0;-1;;10;1205006;200;
m12_05_00_00;プレイ領域 ID1205007;SoulsFormats.MSB+Shape+Box;<1622.406, -552.283, 1152.139>;<0, 30, 0>;321;0;4294967295;255;-1;0;-1;;11;1205007;100;
m12_05_00_00;プレイ領域 ID1205090;SoulsFormats.MSB+Shape+Box;<1981.555, -578.188, 1137.484>;<0, 50, 0>;323;0;4294967295;255;-1;0;-1;;13;1205090;200;
m12_05_00_00;プレイ領域 ID1205090 {2};SoulsFormats.MSB+Shape+Box;<1953.433, -589.886, 1130.547>;<0, 0, 0>;324;0;4294967295;255;-1;0;-1;;14;1205090;100;
m12_05_00_00;プレイ領域 ID1205090 {3};SoulsFormats.MSB+Shape+Box;<2007.091, -568.829, 1168.853>;<0, -55, 0>;322;0;4294967295;255;-1;0;-1;;12;1205090;300;
m12_07_00_00;プレイ領域 1207031;SoulsFormats.MSB+Shape+Cylinder;<736.073, -911.879, 1164.381>;<0, 0, 0>;116;0;4294967295;255;-1;0;-1;;15;1207031;800;
m12_07_00_00;プレイ領域 1207031 {2};SoulsFormats.MSB+Shape+Cylinder;<736.103, -912.474, 1164.374>;<0, 0, 0>;138;0;4294967295;255;-1;0;-1;;17;1207031;950;
m12_07_00_00;プレイ領域 1207031 {3};SoulsFormats.MSB+Shape+Box;<729.025, -498.855, 1160.13>;<0, -30.5, 0>;130;0;4294967295;255;-1;0;-1;;16;1207031;900;
m12_07_00_00;プレイ領域 ID1202032;SoulsFormats.MSB+Shape+Box;<942.721, -853.375, 1301.766>;<0, 20.4, 0>;91;0;4294967295;255;-1;0;-1;;10;1202032;500;
m12_07_00_00;プレイ領域 ID1207021;SoulsFormats.MSB+Shape+Box;<611.698, -525.311, 1006.812>;<0, 13.9, 0>;69;0;4294967295;255;-1;0;-1;;0;1207021;100;
m12_07_00_00;プレイ領域 ID1207022;SoulsFormats.MSB+Shape+Box;<663.187, -548.891, 1075.773>;<0, -20, 0>;97;0;4294967295;255;-1;0;-1;;9;1207022;800;
m12_07_00_00;プレイ領域 ID1207023;SoulsFormats.MSB+Shape+Box;<660.97437, -567.09576, 1085.7859>;<0, -20, 0>;73;0;4294967295;255;-1;0;-1;;0;1207023;300;
m12_07_00_00;プレイ領域 ID1207023 {2};SoulsFormats.MSB+Shape+Box;<677.296, -559.894, 1080.447>;<0, -20, 0>;96;0;4294967295;255;-1;0;-1;;8;1207023;500;
m12_07_00_00;プレイ領域 ID1207024;SoulsFormats.MSB+Shape+Box;<688.607, -569.198, 1083.554>;<0, -20, 0>;95;0;4294967295;255;-1;0;-1;;2;1207024;50;
m12_07_00_00;プレイ領域 ID1207025;SoulsFormats.MSB+Shape+Box;<691.11, -580.578, 1193.538>;<0, 24.3, 0>;78;0;4294967295;255;-1;0;-1;;0;1207025;100;
m12_07_00_00;プレイ領域 ID1207031;SoulsFormats.MSB+Shape+Box;<737.419, -912.741, 1164.975>;<0, -30, 0>;101;0;4294967295;255;-1;0;-1;;0;1207031;800;
m12_07_00_00;プレイ領域 ID1207031 {2};SoulsFormats.MSB+Shape+Cylinder;<736.001, -917.341, 1164.344>;<0, 20, 0>;102;0;4294967295;255;-1;0;-1;;0;1207031;150;
m12_07_00_00;プレイ領域comp ID1207022;SoulsFormats.MSB+Shape+Composite;<632.131, -552.298, 1066.381>;<0, 20, 0>;75;0;4294967295;255;-1;0;-1;;0;1207022;200;
m12_07_00_00;プレイ領域comp ID1207024;SoulsFormats.MSB+Shape+Composite;<679.458, -564.606, 1163.08>;<0, 22, 0>;77;0;4294967295;255;-1;0;-1;;0;1207024;400;
m12_08_00_00;プレイ領域 1208001;SoulsFormats.MSB+Shape+Box;<1418.987, -1737.955, 1053.846>;<0, -7.5, 0>;84;0;4294967295;255;-1;0;-1;;1;1208001;200;
m12_09_00_00;プレイ領域 1209001;SoulsFormats.MSB+Shape+Box;<1220.142, -1540.801, 1804.312>;<0, -29, 0>;84;0;4294967295;255;-1;0;-1;;3;1209001;500;
m12_09_00_00;プレイ領域 1209001 {2};SoulsFormats.MSB+Shape+Box;<1221.714, -1540.075, 1786.259>;<0, 0, 0>;85;0;4294967295;255;-1;0;-1;;4;1209001;600;
m13_00_00_00;プレイ領域 1300002 →1300019 下層と揃える;SoulsFormats.MSB+Shape+Box;<-137.339, 7.745, 402.268>;<0, -40, 0>;373;0;4294967295;255;-1;0;-1;;0;1300019;100;
m13_00_00_00;プレイ領域 1300002 →1300019 下層と揃える {2};SoulsFormats.MSB+Shape+Box;<-72.914, -39.847, 506.916>;<0, 15, 0>;374;0;4294967295;255;-1;0;-1;;0;1300019;100;
m13_00_00_00;プレイ領域 1300002 →1300019 下層と揃える {3};SoulsFormats.MSB+Shape+Box;<-71.304, -50.289, 507.182>;<0, -165.608, 0>;545;0;4294967295;255;-1;0;-1;;0;1300019;200;
m13_00_00_00;プレイ領域 1300004;SoulsFormats.MSB+Shape+Composite;<0, 0, 0>;<0, 0, 0>;378;0;4294967295;255;-1;0;-1;;0;1300004;100;
m13_00_00_00;プレイ領域 1300005;SoulsFormats.MSB+Shape+Box;<91.802, -109.475, 558.931>;<0, 15, 0>;375;0;4294967295;255;-1;0;-1;;0;1300005;100;
m13_00_00_00;プレイ領域 1300006;SoulsFormats.MSB+Shape+Box;<72.293, -96.777, 497.373>;<0, 0, 0>;381;0;4294967295;255;-1;0;-1;;0;1300006;100;
m13_00_00_00;プレイ領域 1300013;SoulsFormats.MSB+Shape+Box;<-100.996, 22.171, 291.056>;<0, 50, 0>;15;0;4294967295;255;-1;0;-1;;0;1300013;100;
m13_00_00_00;プレイ領域 1300018 断面遺跡前半 下層 ボス手前;SoulsFormats.MSB+Shape+Box;<23.695, -39.291, 391.087>;<0, -15, 0>;276;0;4294967295;255;-1;0;-1;;0;1300018;100;
m13_00_00_00;プレイ領域 1300018 断面遺跡前半 下層 階段;SoulsFormats.MSB+Shape+Box;<26.301, -46.404, 381.053>;<0, -15, 0>;277;0;4294967295;255;-1;0;-1;;0;1300018;100;
m13_00_00_00;プレイ領域 1300018 断面遺跡前半 下層 翼廊;SoulsFormats.MSB+Shape+Box;<10.343, -49.582, 360.892>;<0, 75, 0>;275;0;4294967295;255;-1;0;-1;;0;1300018;100;
m13_00_00_00;プレイ領域 1300021;SoulsFormats.MSB+Shape+Box;<51.298, -192.055, 409.504>;<0, 10, 0>;380;0;4294967295;255;-1;0;-1;;0;1300021;100;
m13_00_00_00;プレイ領域 中ボス部屋出口 断面遺跡手前;SoulsFormats.MSB+Shape+Box;<11.793, -40.177, 435.129>;<0, 165, 0>;514;0;4294967295;255;-1;0;-1;;0;1300001;100;
m13_00_00_00;領域 プレイ領域;SoulsFormats.MSB+Shape+Box;<-22.634, -25.449, 401.894>;<0, 75, 0>;505;0;4294967295;255;-1;0;-1;;0;1300010;20;
m14_00_00_00;プレイ領域 1400001 オープン湖 モンサン;SoulsFormats.MSB+Shape+Composite;<0, 0, 0>;<0, 0, 0>;341;0;4294967295;255;-1;0;-1;;0;1400001;100;
m14_00_00_00;プレイ領域 1400002 オープン湖 モンサン →1400090;SoulsFormats.MSB+Shape+Composite;<0, 0, 0>;<0, 0, 0>;342;0;4294967295;255;-1;0;-1;;0;1400090;100;
m14_00_00_00;プレイ領域 1400003 オープン湖 モンサン;SoulsFormats.MSB+Shape+Composite;<0, 0, 0>;<0, 0, 0>;343;0;4294967295;255;-1;0;-1;;0;1400003;100;
m14_00_00_00;プレイ領域 1400013 オープン湖 モンサン;SoulsFormats.MSB+Shape+Composite;<0, 0, 0>;<0, 0, 0>;340;0;4294967295;255;-1;0;-1;;0;1400013;100;
m14_00_00_00;プレイ領域 1400014 オープン湖 モンサン;SoulsFormats.MSB+Shape+Box;<120.257, 89.318, -180.572>;<0, -3.5, 0>;222;0;4294967295;255;-1;0;-1;;0;1400014;100;
m14_00_00_00;プレイ領域 1400090 ガーデンショトカ 霧壁後;SoulsFormats.MSB+Shape+Box;<80.106, 116.987, -142.439>;<0, 176.965, 0>;394;0;4294967295;255;-1;0;-1;;0;1400090;200;
m14_00_00_00;プレイ領域 マルチ禁止 最初の教会2階 →1400016 1階と揃える;SoulsFormats.MSB+Shape+Box;<-29.914, 67.829, -107.194>;<0, -5, 0>;366;0;4294967295;255;-1;0;-1;;0;1400016;100;
m14_00_00_00;プレイ領域 マルチ禁止 最初の教会2階 奥上 →1400016 1階と揃える;SoulsFormats.MSB+Shape+Box;<-27.943, 70.058, -128.985>;<0, 175.029, 0>;379;0;4294967295;255;-1;0;-1;;0;1400016;100;
m14_00_00_00;プレイ領域 マルチ禁止 最初の教会2階 回廊 →1400016 1階と揃える;SoulsFormats.MSB+Shape+Box;<-21.841, 73.886, -107.489>;<0, -5, 0>;368;0;4294967295;255;-1;0;-1;;0;1400016;100;
m14_00_00_00;プレイ領域 マルチ禁止 最初の教会2階 回廊 →1400016 1階と揃える {2};SoulsFormats.MSB+Shape+Box;<-37.794, 73.923, -108.934>;<0, -4.774, 0>;367;0;4294967295;255;-1;0;-1;;0;1400016;100;
m14_00_00_00;プレイ領域 マルチ禁止 最初の教会2階 離宮回廊入口 →1400016 1階と揃える;SoulsFormats.MSB+Shape+Box;<-18.219, 73.888, -97.898>;<0, 85.649, 0>;369;0;4294967295;255;-1;0;-1;;0;1400016;100;
m15_00_00_00;プレイ領域 1500000 マレニアボス部屋 入り口;SoulsFormats.MSB+Shape+Box;<43.113, 53.636, 518.886>;<0, 55.701, 0>;32;0;4294967295;255;-1;0;-1;;0;1500000;20;
m15_00_00_00;プレイ領域 1500010 ボス部屋入り口内部側;SoulsFormats.MSB+Shape+Box;<144.503, 430.763, 217.313>;<0, 44.03, 0>;118;0;4294967295;255;-1;0;-1;;0;1500010;20;
m16_00_00_00;プレイ領域 1600001;SoulsFormats.MSB+Shape+Composite;<0, 0, 0>;<0, 0, 0>;182;0;4294967295;255;-1;0;-1;;0;1600001;100;
m16_00_00_00;プレイ領域 1600002;SoulsFormats.MSB+Shape+Composite;<0, 0, 0>;<0, 0, 0>;185;0;4294967295;255;-1;0;-1;;0;1600002;100;
m16_00_00_00;プレイ領域 1600003;SoulsFormats.MSB+Shape+Composite;<0, 0, 0>;<0, 0, 0>;188;0;4294967295;255;-1;0;-1;;0;1600003;100;
m16_00_00_00;プレイ領域 1600004;SoulsFormats.MSB+Shape+Composite;<0, 0, 0>;<0, 0, 0>;191;0;4294967295;255;-1;0;-1;;0;1600004;100;
m16_00_00_00;プレイ領域 1600005;SoulsFormats.MSB+Shape+Box;<-27.156, 7.104, -108.065>;<0, -4.7, 0>;193;0;4294967295;255;-1;0;-1;;0;1600005;100;
m16_00_00_00;プレイ領域 1600006;SoulsFormats.MSB+Shape+Box;<98.393, -441.697, -18.32>;<0, 1.6, 0>;197;0;4294967295;255;-1;0;-1;;0;1600006;100;
m16_00_00_00;プレイ領域 1600011;SoulsFormats.MSB+Shape+Box;<16.014, 4.018, -23.636>;<0, -33.4, 0>;72;0;4294967295;255;-1;0;-1;;0;1600011;100;
m16_00_00_00;プレイ領域 1600012;SoulsFormats.MSB+Shape+Box;<18.932, 2.996, -35.912>;<0, -33.9, 0>;192;0;4294967295;255;-1;0;-1;;0;1600012;100;
m16_00_00_00;プレイ領域 1600013;SoulsFormats.MSB+Shape+Composite;<0, 0, 0>;<0, 0, 0>;159;0;4294967295;255;-1;0;-1;;0;1600013;100;
m16_00_00_00;プレイ領域 1600014;SoulsFormats.MSB+Shape+Composite;<0, 0, 0>;<0, 0, 0>;173;0;4294967295;255;-1;0;-1;;0;1600014;200;
m16_00_00_00;プレイ領域 1600016;SoulsFormats.MSB+Shape+Box;<-150.652, -27.712, -187.448>;<0, -20, 0>;175;0;4294967295;255;-1;0;-1;;0;1600016;100;
m16_00_00_00;プレイ領域 1600017;SoulsFormats.MSB+Shape+Composite;<0, 0, 0>;<0, 0, 0>;178;0;4294967295;255;-1;0;-1;;0;1600017;100;
m16_00_00_00;プレイ領域 1600021;SoulsFormats.MSB+Shape+Box;<126.427, -104.944, -178.626>;<0, 20, 0>;296;0;4294967295;255;-1;0;-1;;0;1600021;100;
m16_00_00_00;プレイ領域 1600021 聖堂崖下;SoulsFormats.MSB+Shape+Box;<11.402, -36.328, -207.914>;<0, 30, 0>;459;0;4294967295;255;-1;0;-1;;0;1600021;100;
m16_00_00_00;プレイ領域 1600023;SoulsFormats.MSB+Shape+Box;<199.452, -125.376, -205.598>;<0, 20, 0>;297;0;4294967295;255;-1;0;-1;;0;1600023;100;
m16_00_00_00;プレイ領域 1600024;SoulsFormats.MSB+Shape+Box;<288.739, -136.845, -262.28>;<0, 20, 0>;298;0;4294967295;255;-1;0;-1;;0;1600024;100;
m16_00_00_00;領域 マルチプレイエリア上書き 1600004;SoulsFormats.MSB+Shape+Box;<0.813, 45.861, -35.52>;<0, 0, 0>;158;0;4294967295;255;-1;0;-1;;0;1600004;200;
m16_00_00_00;領域 マルチプレイエリア上書き 1600014;SoulsFormats.MSB+Shape+Box;<-62.49, -9.69, -114.418>;<0, 57.4, 0>;454;0;4294967295;255;-1;0;-1;;0;1600014;100;
m16_00_00_00;領域 マルチプレイエリア上書き 1600025;SoulsFormats.MSB+Shape+Box;<45.211, 6.673, -173.668>;<0, 26.8, 0>;71;0;4294967295;255;-1;0;-1;;0;1600025;200;
m18_00_00_00;プレイ領域 1800001;SoulsFormats.MSB+Shape+Composite;<0, 0, 0>;<0, 0, 0>;67;0;4294967295;255;-1;0;-1;;0;1800001;100;
m18_00_00_00;プレイ領域 1800002;SoulsFormats.MSB+Shape+Composite;<0, 0, 0>;<0, 0, 0>;109;0;4294967295;255;-1;0;-1;;0;1800002;100;
m18_00_00_00;プレイ領域 Compositeパーツ① 1800002;SoulsFormats.MSB+Shape+Box;<-62.553, -70.075, 87.988>;<0, -26.4, 0>;69;0;4294967295;255;-1;0;-1;;0;1800002;100;
m18_00_00_00;領域 プレイ領域 1800090;SoulsFormats.MSB+Shape+Box;<-7.137, 8.308, 78.77>;<0, 39, 0>;148;0;4294967295;255;-1;0;-1;;0;1800090;80;
m18_00_00_00;領域 プレイ領域 1800090 {2};SoulsFormats.MSB+Shape+Box;<-30.63, 8.493, 90.87>;<0, -20, 0>;149;0;4294967295;255;-1;0;-1;;0;1800090;80;
m18_00_00_00;領域 プレイ領域 1800090 {3};SoulsFormats.MSB+Shape+Box;<-89.926, 10.901, 25.115>;<0, -27, 0>;147;0;4294967295;255;-1;0;-1;;0;1800090;200;
m18_00_00_00;領域 プレイ領域 チュートリ内ボス部屋00 複合;SoulsFormats.MSB+Shape+Composite;<-14.480824, 9.78299, 66.567635>;<0, 140.40913, 0>;74;0;4294967295;255;-1;0;-1;;0;1800010;100;
m30_00_00_00;プレイ領域 3000000　オープン緑 地下墓地1-1;SoulsFormats.MSB+Shape+Box;<-28.082, 44.864, 68.038>;<0, 0, 0>;39;0;4294967295;255;-1;0;-1;;0;3000000;100;
m30_00_00_00;プレイ領域 3000001　;SoulsFormats.MSB+Shape+Composite;<0, 0, 0>;<0, 0, 0>;44;0;4294967295;255;-1;0;-1;;0;3000001;200;
m30_01_00_00;プレイ領域 3001000 オープン緑 墓地1－2;SoulsFormats.MSB+Shape+Box;<-46.077, 22.588, -134.86>;<0, -30, 0>;31;0;4294967295;255;-1;0;-1;;0;3001000;100;
m30_01_00_00;プレイ領域 3001001 ;SoulsFormats.MSB+Shape+Composite;<0, 0, 0>;<0, 0, 0>;50;0;4294967295;255;-1;0;-1;;0;3001001;100;
m30_02_00_00;プレイ領域 3002001;SoulsFormats.MSB+Shape+Box;<41.577, 114.122, -10.031>;<0, -30, 0>;33;0;4294967295;255;-1;0;-1;;0;3002001;100;
m30_03_00_00;プレイ領域　3003001;SoulsFormats.MSB+Shape+Box;<-9.935, 223.65, -24.115>;<0, 0, 0>;57;0;4294967295;255;-1;0;-1;;10;3003001;100;
m30_04_00_00;プレイ領域 3004001;SoulsFormats.MSB+Shape+Box;<87.515, 65.419, 63.621>;<0, -126.044, 0>;33;0;4294967295;255;-1;0;-1;;1;3004001;100;
m30_05_00_00;プレイ領域　3005001　墓地2-1_01;SoulsFormats.MSB+Shape+Box;<-73.4, 426.498, 112.383>;<0, 0, 0>;29;0;4294967295;255;-1;0;-1;;12;3005001;100;
m30_05_00_00;プレイ領域　隠しボス部屋;SoulsFormats.MSB+Shape+Box;<-235.687, 410.786, 16.663>;<0, 0, 0>;19;0;4294967295;255;-1;0;-1;;11;3005010;15;
m30_06_00_00;プレイ領域 3006001;SoulsFormats.MSB+Shape+Box;<18.982, 192.716, 3.668>;<0, -3.8, 0>;55;0;4294967295;255;-1;0;-1;;0;3006001;100;
m30_06_00_00;プレイ領域3006001;SoulsFormats.MSB+Shape+Box;<75.527, 239.386, 69.986>;<0, -4.978, 0>;87;0;4294967295;255;-1;0;-1;;3;3006001;100;
m30_08_00_00;パーツ プレイ領域 3008002 01;SoulsFormats.MSB+Shape+Box;<224.274, 760.591, 27.442>;<0, 2.8, 0>;16;0;4294967295;255;-1;0;-1;;30082104;0;0;
m30_08_00_00;プレイ領域 3008000;SoulsFormats.MSB+Shape+Box;<307.192, 742.345, 17.639>;<0, -82.538, 0>;82;0;4294967295;255;-1;0;-1;;7;3008000;200;
m30_08_00_00;プレイ領域 3008001;SoulsFormats.MSB+Shape+Composite;<0, 0, 0>;<0, 0, 0>;15;0;4294967295;255;-1;0;-1;;30082103;3008001;100;
m30_08_00_00;プレイ領域 3008002;SoulsFormats.MSB+Shape+Composite;<0, 0, 0>;<0, 0, 0>;78;0;4294967295;255;-1;0;-1;;0;3008002;200;
m30_08_00_00;プレイ領域 3008003;SoulsFormats.MSB+Shape+Box;<266.612, 741.77, 22.907>;<0, 96.953, 0>;83;0;4294967295;255;-1;0;-1;;8;3008003;100;
m30_09_00_00;プレイ領域 3009000;SoulsFormats.MSB+Shape+Composite;<0, 0, 0>;<0, 0, 0>;137;0;4294967295;255;-1;0;-1;;0;3009000;200;
m30_09_00_00;プレイ領域 3009002;SoulsFormats.MSB+Shape+Composite;<0, 0, 0>;<0, 0, 0>;62;0;4294967295;255;-1;0;-1;;30092601;3009002;100;
m30_09_00_00;プレイ領域 3009003;SoulsFormats.MSB+Shape+Composite;<0, 0, 0>;<0, 0, 0>;59;0;4294967295;255;-1;0;-1;;30092602;3009003;100;
m30_09_00_00;プレイ領域 3009004;SoulsFormats.MSB+Shape+Box;<-139.958, 645.084, 17.61>;<-0, 173.456, 0>;139;0;4294967295;255;-1;0;-1;;15;3009004;100;
m30_10_00_00;プレイ領域 3010001;SoulsFormats.MSB+Shape+Composite;<0, 0, 0>;<0, 0, 0>;15;0;4294967295;255;-1;0;-1;;0;3010001;100;
m30_10_00_00;プレイ領域 3010002;SoulsFormats.MSB+Shape+Composite;<0, 0, 0>;<0, 0, 0>;150;0;4294967295;255;-1;0;-1;;0;3010002;100;
m30_10_00_00;プレイ領域 3010003;SoulsFormats.MSB+Shape+Composite;<0, 0, 0>;<0, 0, 0>;19;0;4294967295;255;-1;0;-1;;0;3010003;100;
m30_11_00_00;プレイ領域 3011001;SoulsFormats.MSB+Shape+Composite;<0, 0, 0>;<0, 0, 0>;29;0;4294967295;255;-1;0;-1;;0;3011001;100;
m30_12_00_00;プレイ領域 3012001;SoulsFormats.MSB+Shape+Box;<-103.02, 800.921, 243.45>;<0, 0, 0>;39;0;4294967295;255;-1;0;-1;;0;3012001;100;
m30_12_00_00;プレイ領域　3012001;SoulsFormats.MSB+Shape+Box;<-39.463, 653.49, 103.125>;<0, 9.567, 0>;18;0;4294967295;255;-1;0;-1;;7;3012001;100;
m30_13_00_00;プレイ領域 3013090;SoulsFormats.MSB+Shape+Box;<25.954, 953.735, 67.359>;<0, 28.2, 0>;29;0;4294967295;255;-1;0;-1;;0;3013090;100;
m30_13_00_00;プレイ領域　3013091;SoulsFormats.MSB+Shape+Composite;<0, 0, 0>;<0, 0, 0>;131;0;4294967295;255;-1;0;-1;;0;3013091;100;
m30_14_00_00;プレイ領域 3014001;SoulsFormats.MSB+Shape+Composite;<0, 0, 0>;<0, 0, 0>;29;0;4294967295;255;-1;0;-1;;0;3014001;100;
m30_15_00_00;プレイ領域 3015001;SoulsFormats.MSB+Shape+Composite;<0, 0, 0>;<0, 0, 0>;28;0;4294967295;255;-1;0;-1;;0;3015001;100;
m30_16_00_00;プレイ領域 3016000;SoulsFormats.MSB+Shape+Box;<-101.813, -25.776, -89.766>;<0, 0, 0>;25;0;4294967295;255;-1;0;-1;;0;3016000;100;
m30_16_00_00;プレイ領域 3016001;SoulsFormats.MSB+Shape+Composite;<0, 0, 0>;<0, 0, 0>;32;0;4294967295;255;-1;0;-1;;0;3016001;100;
m30_16_00_00;プレイ領域 3016002;SoulsFormats.MSB+Shape+Composite;<0, 0, 0>;<0, 0, 0>;44;0;4294967295;255;-1;0;-1;;0;3016002;200;
m30_16_00_00;プレイ領域 3016003;SoulsFormats.MSB+Shape+Composite;<0, 0, 0>;<0, 0, 0>;45;0;4294967295;255;-1;0;-1;;0;3016003;50;
m30_17_00_00;プレイ領域 3017000;SoulsFormats.MSB+Shape+Box;<-13.657, 1449.409, -36.154>;<0, 0, 0>;50;0;4294967295;255;-1;0;-1;;0;3017000;100;
m30_17_00_00;プレイ領域 3017001;SoulsFormats.MSB+Shape+Box;<-90.452, 1640.44, 119.884>;<0, 0.6, 0>;47;0;4294967295;255;-1;0;-1;;0;3017001;100;
m30_17_00_00;プレイ領域 3017002;SoulsFormats.MSB+Shape+Box;<-200.613, 1475.115, -36.65>;<0, 0, 0>;48;0;4294967295;255;-1;0;-1;;0;3017002;400;
m30_17_00_00;プレイ領域 3017003;SoulsFormats.MSB+Shape+Box;<-149.413, 1467.709, -38.039>;<0, 0, 0>;49;0;4294967295;255;-1;0;-1;;0;3017003;300;
m30_17_00_00;複合プレイ領域 3017005;SoulsFormats.MSB+Shape+Composite;<0, 0, 0>;<0, 0, 0>;138;0;4294967295;255;-1;0;-1;;0;3017005;200;
m30_18_00_00;プレイ領域 3018002;SoulsFormats.MSB+Shape+Box;<-20.457, 1387.332, 206.278>;<0, -90.47, 0>;81;0;4294967295;255;-1;0;-1;;0;3018002;100;
m30_18_00_00;プレイ領域 3018003;SoulsFormats.MSB+Shape+Composite;<0, 0, 0>;<0, 0, 0>;87;0;4294967295;255;-1;0;-1;;0;3018003;100;
m30_18_00_00;プレイ領域 3018004;SoulsFormats.MSB+Shape+Box;<-69.923, 1456.572, 63.84>;<0, -180, 0>;83;0;4294967295;255;-1;0;-1;;0;3018004;200;
m30_19_00_00;プレイ領域 3019000;SoulsFormats.MSB+Shape+Box;<72.237, 1374.038, -161.889>;<0, 15.2, 0>;16;0;4294967295;255;-1;0;-1;;2;3019000;100;
m30_20_00_00;プレイ領域 3020001;SoulsFormats.MSB+Shape+Box;<-19.895, 1312.58, -188.09>;<0, 0, 0>;70;0;4294967295;255;-1;0;-1;;0;3020001;215;
m30_20_00_00;プレイ領域 3020002;SoulsFormats.MSB+Shape+Box;<-41.593, 1312.973, -142.069>;<0, 0, 0>;19;0;4294967295;255;-1;0;-1;;0;3020002;100;
m30_20_00_00;プレイ領域 3020003 ;SoulsFormats.MSB+Shape+Composite;<0, 0, 0>;<0, 0, 0>;75;0;4294967295;255;-1;0;-1;;0;3020003;200;
m30_20_00_00;プレイ領域 3020004;SoulsFormats.MSB+Shape+Composite;<0, 0, 0>;<0, 0, 0>;23;0;4294967295;255;-1;0;-1;;0;3020004;300;
m31_00_00_00;プレイ領域 3100000;SoulsFormats.MSB+Shape+Box;<22.565, 45.809, 69.143>;<0, 90, 0>;6;0;4294967295;255;-1;0;-1;;0;3100000;100;
m31_01_00_00;プレイ領域 3101001;SoulsFormats.MSB+Shape+Box;<-138.824, -42.49, -113.39>;<0, 60.658, 0>;19;0;4294967295;255;-1;0;-1;;0;3101001;100;
m31_03_00_00;プレイ領域 3103000;SoulsFormats.MSB+Shape+Box;<-97.747, 89.084, 67.538>;<0, -39.8, 0>;17;0;4294967295;255;-1;0;-1;;0;3103000;100;
m31_04_00_00;プレイ領域 3104000;SoulsFormats.MSB+Shape+Box;<67.013, 195.731, -164.357>;<0, -17.3, 0>;59;0;4294967295;255;-1;0;-1;;0;3104000;100;
m31_04_00_00;プレイ領域 3104001;SoulsFormats.MSB+Shape+Box;<61.716, 199.482, -166.747>;<0, -17.2, 0>;14;0;4294967295;255;-1;0;-1;;0;3104001;100;
m31_05_00_00;プレイ領域 3105000;SoulsFormats.MSB+Shape+Box;<-162.025, 153.535, 0.689>;<0, 23.44, 0>;61;0;4294967295;255;-1;0;-1;;0;3105000;60;
m31_05_00_00;プレイ領域 3105001;SoulsFormats.MSB+Shape+Box;<-133.818, 188.321, 11.086>;<0, 0, 0>;12;0;4294967295;255;-1;0;-1;;0;3105001;50;
m31_05_00_00;プレイ領域 3105003;SoulsFormats.MSB+Shape+Composite;<0, 0, 0>;<0, 0, 0>;15;0;4294967295;255;-1;0;-1;;0;3105003;50;
m31_05_00_00;プレイ領域 3105090;SoulsFormats.MSB+Shape+Box;<-148.962, 148.379, -36.826>;<0, -34.1, 0>;32;0;4294967295;255;-1;0;-1;;0;3105090;50;
m31_06_00_00;プレイ領域 3106000;SoulsFormats.MSB+Shape+Box;<167.621, 211.893, 100.5>;<0, -7.3, 0>;47;0;4294967295;255;-1;0;-1;;0;3106000;100;
m31_06_00_00;プレイ領域 3106001;SoulsFormats.MSB+Shape+Box;<147.866, 214.983, 63.829>;<0, 9.494, 0>;46;0;4294967295;255;-1;0;-1;;0;3106001;100;
m31_07_00_00;プレイ領域 3107001;SoulsFormats.MSB+Shape+Box;<-29.265, 790.027, 175.932>;<0, -20, 0>;4;0;4294967295;255;-1;0;-1;;0;3107001;100;
m31_07_00_00;プレイ領域 3107002;SoulsFormats.MSB+Shape+Box;<-38.752, 767.608, 192.37>;<0, -39.551, 0>;63;0;4294967295;255;-1;0;-1;;18;3107002;200;
m31_07_00_00;プレイ領域 3107004;SoulsFormats.MSB+Shape+Box;<-162.931, 716.646, 229.974>;<0, -25.8, 0>;5;0;4294967295;255;-1;0;-1;;0;3107004;100;
m31_09_00_00;プレイ領域 3109000;SoulsFormats.MSB+Shape+Box;<-86.838, 1012.105, -72.036>;<0, 6.1, 0>;5;0;4294967295;255;-1;0;-1;;0;3109000;100;
m31_09_00_00;プレイ領域 3109001;SoulsFormats.MSB+Shape+Box;<-67.99, 1032.693, -60.908>;<0, -8.091, 0>;41;0;4294967295;255;-1;0;-1;;16;3109001;100;
m31_10_00_00;プレイ領域 3110000;SoulsFormats.MSB+Shape+Box;<29.996, 101.058, 20.592>;<0, -4.2, 0>;8;0;4294967295;255;-1;0;-1;;0;3110000;200;
m31_10_00_00;プレイ領域 3110001;SoulsFormats.MSB+Shape+Box;<9.193, 138.305, 21.638>;<0, 10, 0>;7;0;4294967295;255;-1;0;-1;;0;3110001;100;
m31_11_00_00;プレイ領域 3111000;SoulsFormats.MSB+Shape+Box;<-130.536, 126.464, 149.684>;<0, -40, 0>;6;0;4294967295;255;-1;0;-1;;0;3111000;100;
m31_11_00_00;プレイ領域 3111002;SoulsFormats.MSB+Shape+Box;<39.954, 173.682, 75.591>;<0, -52, 0>;7;0;4294967295;255;-1;0;-1;;0;3111002;100;
m31_12_00_00;パーツ プレイ領域 3112003;SoulsFormats.MSB+Shape+Box;<-26.391, 1194.233, 95.13>;<0, -160.004, 0>;59;0;4294967295;255;-1;0;-1;;14;3112003;100;
m31_12_00_00;プレイ領域 3112000;SoulsFormats.MSB+Shape+Box;<-24.56, 1190.926, 97.605>;<0, 18.7, 0>;10;0;4294967295;255;-1;0;-1;;321;3112000;200;
m31_12_00_00;プレイ領域 3112001;SoulsFormats.MSB+Shape+Box;<-15.976, 1245.079, 81.698>;<0, 32.71, 0>;4;0;4294967295;255;-1;0;-1;;123;3112001;100;
m31_12_00_00;プレイ領域 3112002;SoulsFormats.MSB+Shape+Composite;<0, 0, 0>;<0, 0, 0>;9;0;4294967295;255;-1;0;-1;;666;3112002;100;
m31_15_00_00;プレイ領域 3115090;SoulsFormats.MSB+Shape+Composite;<0, 0, 0>;<0, 0, 0>;46;0;4294967295;255;-1;0;-1;;0;3115090;100;
m31_17_00_00;プレイ領域 3117000;SoulsFormats.MSB+Shape+Box;<69.579, -13.334, 174.533>;<0, -6.284, 0>;62;0;4294967295;255;-1;0;-1;;0;3117000;100;
m31_17_00_00;プレイ領域 3117003;SoulsFormats.MSB+Shape+Box;<68.926, 5.25, 273.731>;<0, 0, 0>;44;0;4294967295;255;-1;0;-1;;0;3117003;100;
m31_17_00_00;プレイ領域 3117004;SoulsFormats.MSB+Shape+Box;<68.677, 3.746, 259.647>;<0, 0, 0>;46;0;4294967295;255;-1;0;-1;;1;3117004;200;
m31_18_00_00;プレイ領域 3118001;SoulsFormats.MSB+Shape+Box;<34.706, 825.967, 46.858>;<0, 0, 0>;5;0;4294967295;255;-1;0;-1;;0;3118001;100;
m31_19_00_00;プレイ領域 3119001;SoulsFormats.MSB+Shape+Box;<147.338, 622.857, -41.154>;<0, -27.072, 0>;5;0;4294967295;255;-1;0;-1;;0;3119001;100;
m31_19_00_00;プレイ領域　3119010;SoulsFormats.MSB+Shape+Box;<103.479, 625.826, -49.035>;<0, -12.028, 0>;39;0;4294967295;255;-1;0;-1;;1;3119010;200;
m31_20_00_00;プレイ領域 3120000;SoulsFormats.MSB+Shape+Box;<171.873, 83.858, 131.067>;<0, 14.2, 0>;5;0;4294967295;255;-1;0;-1;;0;3120000;100;
m31_20_00_00;プレイ領域 3120001;SoulsFormats.MSB+Shape+Box;<156.758, 114.796, 39.112>;<0, 10, 0>;1;0;4294967295;255;-1;0;-1;;0;3120001;100;
m31_20_00_00;プレイ領域 3120001 {2};SoulsFormats.MSB+Shape+Box;<170.962, 114.481, 38.804>;<0, 20, 0>;24;0;4294967295;255;-1;0;-1;;0;3120001;100;
m31_20_00_00;プレイ領域 3120002;SoulsFormats.MSB+Shape+Box;<170.984, 84.965, 127.53>;<0, 13.9, 0>;6;0;4294967295;255;-1;0;-1;;0;3120002;200;
m31_21_00_00;プレイ領域 3121000;SoulsFormats.MSB+Shape+Box;<-152.536, 6.634, 65.069>;<0, 65.514, 0>;66;0;4294967295;255;-1;0;-1;;0;3121000;200;
m31_21_00_00;プレイ領域 3121002;SoulsFormats.MSB+Shape+Box;<-54.507, 54.615, 140.757>;<0, -23, -10>;65;0;4294967295;255;-1;0;-1;;0;3121002;100;
m31_21_00_00;プレイ領域3121001;SoulsFormats.MSB+Shape+Composite;<0, 0, 0>;<0, 0, 0>;86;0;4294967295;255;-1;0;-1;;0;3121001;200;
m31_22_00_00;プレイ領域 3122001;SoulsFormats.MSB+Shape+Box;<-51.819, 1579.158, -100.847>;<0, -4.1, 0>;2;0;4294967295;255;-1;0;-1;;0;3122001;100;
m32_00_00_00;プレイ領域 オープン接続 マルチ壁内側;SoulsFormats.MSB+Shape+Box;<36.371, 27.477, -59.817>;<0, 173.92, 0>;12;0;4294967295;255;-1;0;-1;;0;3200001;100;
m32_01_00_00;プレイ領域 3201001;SoulsFormats.MSB+Shape+Composite;<0, 0, 0>;<0, 0, 0>;53;0;4294967295;255;-1;0;-1;;90;3201001;100;
m32_01_00_00;プレイ領域 6100002 入口 オープン側上書き用;SoulsFormats.MSB+Shape+Box;<124.889, 68.365, -5.854>;<0, -34.652, 0>;52;0;4294967295;255;-1;0;-1;;0;6100002;100;
m32_02_00_00;プレイ領域 6200004 オープン側上書き;SoulsFormats.MSB+Shape+Box;<-111.63, 242.23, 26.16>;<0, 90.3, 0>;55;0;4294967295;255;-1;0;-1;;0;6200004;100;
m32_04_00_00;プレイ領域 6300000 入口 オープン側上書き;SoulsFormats.MSB+Shape+Box;<-170.826, 731.971, -103.865>;<0, -75.061, 0>;13;0;4294967295;255;-1;0;-1;;0;6300000;100;
m32_04_00_00;プレイ領域上書き 3204001;SoulsFormats.MSB+Shape+Box;<-287.599, 676.354, -102.055>;<0, 35, 0>;27;0;4294967295;255;-1;0;-1;;0;3204001;100;
m32_04_00_00;領域 プレイ領域上書き ボス部屋内;SoulsFormats.MSB+Shape+Box;<-288.489, 678.099, -104.151>;<0, 20, 0>;46;0;4294967295;255;-1;0;-1;;0;3204000;100;
m32_05_00_00;プレイ領域 3205001;SoulsFormats.MSB+Shape+Box;<11.75, 757.808, -41.737>;<0, 0, 0>;29;0;4294967295;255;-1;0;-1;;999;3205001;100;
m32_07_00_00;プレイ領域 3207000;SoulsFormats.MSB+Shape+Box;<-17.896, 88.198, 138.96>;<0, -21.5, 0>;32;0;4294967295;255;-1;0;-1;;0;3207000;100;
m32_07_00_00;プレイ領域 3207002;SoulsFormats.MSB+Shape+Box;<61.493, 69.899, 92.23>;<0, 0, 0>;40;0;4294967295;255;-1;0;-1;;0;3207002;100;
m32_07_00_00;プレイ領域 3207003;SoulsFormats.MSB+Shape+Composite;<0, 0, 0>;<0, 0, 0>;8;0;4294967295;255;-1;0;-1;;0;-1;0;
m32_07_00_00;プレイ領域 3207090 緑側;SoulsFormats.MSB+Shape+Composite;<0, 0, 0>;<0, 0, 0>;27;0;4294967295;255;-1;0;-1;;0;3207090;200;
m32_07_00_00;プレイ領域 6100004 緑側;SoulsFormats.MSB+Shape+Box;<-69.713, 85.629, 67.192>;<0, 1.027, 0>;36;0;4294967295;255;-1;0;-1;;0;6100004;100;
m32_07_00_00;プレイ領域 平原側上書き マルチ壁付近;SoulsFormats.MSB+Shape+Box;<62.206, 150.223, 46.919>;<0, 0.952, 0>;33;0;4294967295;255;-1;0;-1;;0;6400000;200;
m32_11_00_00;プレイ領域 3211001;SoulsFormats.MSB+Shape+Box;<43.836, 1203.155, 22.614>;<0, 0, 0>;22;0;4294967295;255;-1;0;-1;;0;3211001;100;
m32_11_00_00;プレイ領域 6503000 マルチ壁 オープン側上書き;SoulsFormats.MSB+Shape+Box;<45.757, 1258.396, -51.07>;<0, -179.747, 0>;36;0;4294967295;255;-1;0;-1;;0;6503000;100;
m34_10_00_00;プレイ領域 3410001 →マルチ禁止;SoulsFormats.MSB+Shape+Box;<103.303, 7.138, 209.864>;<0, 65, 0>;26;0;4294967295;255;-1;0;-1;;0;3410090;100;
m34_10_00_00;プレイ領域 3410003 →マルチ禁止;SoulsFormats.MSB+Shape+Box;<923.416, 26.515, 600.07>;<0, -25.6, 0>;14;0;4294967295;255;-1;0;-1;;0;3410090;0;
m34_10_00_00;プレイ領域 3410004 →マルチ禁止;SoulsFormats.MSB+Shape+Cylinder;<908.819, 69.768, 592.995>;<0, 0, 0>;15;0;4294967295;255;-1;0;-1;;0;3410090;0;
m34_10_00_00;プレイ領域 マルチ禁止 3410090 橋後半;SoulsFormats.MSB+Shape+Box;<790.294, 42.844, 536.566>;<0, 65, 0>;49;0;4294967295;255;-1;0;-1;;0;3410090;100;
m34_11_00_00;プレイ領域 3411001;SoulsFormats.MSB+Shape+Box;<-6.828, -186.534, 39.297>;<0, -10, 0>;14;0;4294967295;255;-1;0;-1;;0;3411090;100;
m34_11_00_00;プレイ領域 3411006;SoulsFormats.MSB+Shape+Composite;<0, 0, 0>;<0, 0, 0>;20;0;4294967295;255;-1;0;-1;;0;-1;0;
m34_11_00_00;プレイ領域 6200004 マルチ壁 オープン側上書き;SoulsFormats.MSB+Shape+Box;<-13.395, -158.543, 76.237>;<0, -10, 0>;111;0;4294967295;255;-1;0;-1;;0;6200004;100;
m34_11_00_00;領域 マルチ禁止 手前EVシャフト;SoulsFormats.MSB+Shape+Box;<-6.957, -166.82, 39.471>;<0, 170, 0>;104;0;4294967295;255;-1;0;-1;;0;3411090;100;
m34_11_00_00;領域 マルチ禁止 手前EVシャフト 途中下車;SoulsFormats.MSB+Shape+Box;<-5.773, -150.18, 32.801>;<0, -10, 0>;105;0;4294967295;255;-1;0;-1;;0;3411090;100;
m34_12_00_00;パーツ プレイ領域 3412013;SoulsFormats.MSB+Shape+Box;<-57.241, 710.147, -140.03>;<0, -1.5, 0>;55;0;4294967295;255;-1;0;-1;;0;3412013;100;
m34_12_00_00;プレイ領域 3412010;SoulsFormats.MSB+Shape+Box;<-51.53, 709.741, -168.335>;<0, -0.4, 0>;57;0;4294967295;255;-1;0;-1;;0;3412010;200;
m34_12_00_00;プレイ領域 3412011;SoulsFormats.MSB+Shape+Composite;<0, 0, 0>;<0, 0, 0>;56;0;4294967295;255;-1;0;-1;;0;3412011;100;
m34_12_00_00;プレイ領域 3412090 ボス部屋出口 外側上書き;SoulsFormats.MSB+Shape+Box;<-48.003, 708.88, -209.627>;<0, 0, 0>;106;0;4294967295;255;-1;0;-1;;0;3412090;100;
m34_13_00_00;プレイ領域：3413003;SoulsFormats.MSB+Shape+Composite;<0, 0, 0>;<0, 0, 0>;21;0;4294967295;255;-1;0;-1;;0;3413003;100;
m34_13_00_00;プレイ領域：3413010 ボス神肌;SoulsFormats.MSB+Shape+Box;<76.996, 36.005, -86.966>;<0, 0, 0>;82;0;4294967295;255;-1;0;-1;;0;3413010;200;
m34_13_00_00;プレイ領域：3413011;SoulsFormats.MSB+Shape+Composite;<0, 0, 0>;<0, 0, 0>;33;0;4294967295;255;-1;0;-1;;0;3413011;200;
m34_13_00_00;プレイ領域：3413012;SoulsFormats.MSB+Shape+Box;<78.079, 123.139, -19.36>;<0, 0, 0>;35;0;4294967295;255;-1;0;-1;;0;3413012;100;
m34_13_00_00;プレイ領域：3413013;SoulsFormats.MSB+Shape+Box;<78.742, 45.488, -20.333>;<0, 0, 0>;25;0;4294967295;255;-1;0;-1;;0;3413013;100;
m34_13_00_00;プレイ領域：3413090 マルチ禁止エリア　塔頂上;SoulsFormats.MSB+Shape+Composite;<55.913, 276.315, -56.286>;<0, 0, 0>;81;0;4294967295;255;-1;0;-1;;0;3413090;200;
m34_13_00_00;プレイ領域：3413091 ボス後禁止領域（旧14）;SoulsFormats.MSB+Shape+Box;<76.653, 31.715, -129.297>;<0, 0, 0>;23;0;4294967295;255;-1;0;-1;;0;3413091;100;
m34_14_00_00;プレイ領域 3414000;SoulsFormats.MSB+Shape+Box;<615.275, 328.714, -547.504>;<0, -30, 0>;19;0;4294967295;255;-1;0;-1;;0;3414000;100;
m34_14_00_00;プレイ領域 3414001;SoulsFormats.MSB+Shape+Box;<640.918, -98.72, -539.157>;<0, -30, 0>;18;0;4294967295;255;-1;0;-1;;0;3414001;100;
m34_14_00_00;プレイ領域 3414011;SoulsFormats.MSB+Shape+Composite;<0, 0, 0>;<0, 0, 0>;20;0;4294967295;255;-1;0;-1;;0;3414011;100;
m34_14_00_00;プレイ領域 3414012;SoulsFormats.MSB+Shape+Composite;<0, 0, 0>;<0, 0, 0>;56;0;4294967295;255;-1;0;-1;;0;3414012;100;
m34_14_00_00;プレイ領域 3414013;SoulsFormats.MSB+Shape+Box;<419.9, -68.485, -212.947>;<0, 60.1, 0>;16;0;4294967295;255;-1;0;-1;;0;3414013;200;
m34_14_00_00;プレイ領域 3414014;SoulsFormats.MSB+Shape+Box;<487.081, 25.861, -275.839>;<0, 60, 0>;89;0;4294967295;255;-1;0;-1;;0;3414014;100;
m35_00_00_00;プレイ領域 01;SoulsFormats.MSB+Shape+Box;<-164.818, -89.335, -188.374>;<0, 45, 0>;203;0;4294967295;255;-1;0;-1;;0;3500090;100;
m35_00_00_00;プレイ領域 02;SoulsFormats.MSB+Shape+Box;<-86.001, -99.54, -128.767>;<0, -16, 0>;204;0;4294967295;255;-1;0;-1;;0;3500002;100;
m35_00_00_00;プレイ領域 03;SoulsFormats.MSB+Shape+Box;<-115.962, -109.54, -169.587>;<0, 45.5, 0>;206;0;4294967295;255;-1;0;-1;;0;3500003;100;
m35_00_00_00;プレイ領域 04;SoulsFormats.MSB+Shape+Composite;<0, 0, 0>;<0, 0, 0>;219;0;4294967295;255;-1;0;-1;;0;3500004;100;
m35_00_00_00;プレイ領域 06;SoulsFormats.MSB+Shape+Composite;<0, 0, 0>;<0, 0, 0>;229;0;4294967295;255;-1;0;-1;;0;3500006;100;
m35_00_00_00;プレイ領域 07;SoulsFormats.MSB+Shape+Composite;<42.326, -299.512, -100.488>;<0, -30.4, 0>;272;0;4294967295;255;-1;0;-1;;0;3500007;200;
m35_00_00_00;プレイ領域 07 (サブ側)-1;SoulsFormats.MSB+Shape+Composite;<0, 0, 0>;<0, 0, 0>;262;0;4294967295;255;-1;0;-1;;0;3500007;200;
m35_00_00_00;プレイ領域 07 (サブ側)-2;SoulsFormats.MSB+Shape+Composite;<0, 0, 0>;<0, 0, 0>;263;0;4294967295;255;-1;0;-1;;0;3500007;200;
m35_00_00_00;プレイ領域 07 (サブ側)-3;SoulsFormats.MSB+Shape+Composite;<0, 0, 0>;<0, 0, 0>;264;0;4294967295;255;-1;0;-1;;0;3500007;200;
m35_00_00_00;プレイ領域 08;SoulsFormats.MSB+Shape+Composite;<0, 0, 0>;<0, 0, 0>;274;0;4294967295;255;-1;0;-1;;0;3500008;100;
m35_00_00_00;プレイ領域 09;SoulsFormats.MSB+Shape+Composite;<0, 0, 0>;<0, 0, 0>;233;0;4294967295;255;-1;0;-1;;0;3500092;100;
m35_00_00_00;プレイ領域 10;SoulsFormats.MSB+Shape+Box;<-201.332, -154.831, -304.346>;<0, 45.6, 0>;30;0;4294967295;255;-1;0;-1;;0;3500010;100;
m35_00_00_00;プレイ領域 11;SoulsFormats.MSB+Shape+Box;<-134.887, -146.575, -238.007>;<0, -45, 0>;25;0;4294967295;255;-1;0;-1;;0;3500011;100;
m39_20_00_00;プレイ領域 3920002;SoulsFormats.MSB+Shape+Composite;<0, 0, 0>;<0, 0, 0>;195;0;4294967295;255;-1;0;-1;;0;3920002;100;
m39_20_00_00;プレイ領域上書き3920000;SoulsFormats.MSB+Shape+Box;<-51.039, 349.506, -1341.87>;<0, 26.8, 0>;54;0;4294967295;255;-1;0;-1;;0;3920000;300;
m39_20_00_00;プレイ領域上書き3920004;SoulsFormats.MSB+Shape+Box;<-136.372, 352.407, -1283.538>;<0, -43.379, 0>;55;0;4294967295;255;-1;0;-1;;0;3920004;100;
m39_20_00_00;マルチプレイエリア上書き領域 断崖坑道EV前;SoulsFormats.MSB+Shape+Box;<-136.532, 353.521, -1273.505>;<0, 61.213, 0>;88;0;4294967295;255;-1;0;-1;;0;3920000;100;
