MapID;Name;ModelName;Unk08;SibPath;Position;Rotation;Scale;Unk44;MapStudioLayer;EntityID;UnkE04;LodParamID;UnkE09;IsPointLightShadowSrc;UnkE0B;IsShadowSrc;IsStaticShadowSrc;IsCascade3ShadowSrc;UnkE0F;UnkE10;IsShadowDest;IsShadowOnly;DrawByReflectCam;DrawOnlyReflectCam;EnableOnAboveShadow;DisablePointLightEffect;UnkE17;UnkE18;EntityGroupIDs[0];EntityGroupIDs[1];EntityGroupIDs[2];EntityGroupIDs[3];EntityGroupIDs[4];EntityGroupIDs[5];EntityGroupIDs[6];EntityGroupIDs[7];UnkE3C;UnkE3E;Unk1.DisplayGroups[0];Unk1.DisplayGroups[1];Unk1.DisplayGroups[2];Unk1.DisplayGroups[3];Unk1.DisplayGroups[4];Unk1.DisplayGroups[5];Unk1.DisplayGroups[6];Unk1.DisplayGroups[7];Unk1.DrawGroups[0];Unk1.DrawGroups[1];Unk1.DrawGroups[2];Unk1.DrawGroups[3];Unk1.DrawGroups[4];Unk1.DrawGroups[5];Unk1.DrawGroups[6];Unk1.DrawGroups[7];Unk1.CollisionMask[0];Unk1.CollisionMask[1];Unk1.CollisionMask[2];Unk1.CollisionMask[3];Unk1.CollisionMask[4];Unk1.CollisionMask[5];Unk1.CollisionMask[6];Unk1.CollisionMask[7];Unk1.CollisionMask[8];Unk1.CollisionMask[9];Unk1.CollisionMask[10];Unk1.CollisionMask[11];Unk1.CollisionMask[12];Unk1.CollisionMask[13];Unk1.CollisionMask[14];Unk1.CollisionMask[15];Unk1.CollisionMask[16];Unk1.CollisionMask[17];Unk1.CollisionMask[18];Unk1.CollisionMask[19];Unk1.CollisionMask[20];Unk1.CollisionMask[21];Unk1.CollisionMask[22];Unk1.CollisionMask[23];Unk1.CollisionMask[24];Unk1.CollisionMask[25];Unk1.CollisionMask[26];Unk1.CollisionMask[27];Unk1.CollisionMask[28];Unk1.CollisionMask[29];Unk1.CollisionMask[30];Unk1.CollisionMask[31];Unk1.Condition1;Unk1.Condition2;Unk1.UnkC2;Unk1.UnkC3;Unk1.UnkC4;Unk1.UnkC6;Gparam.LightSetID;Gparam.FogParamID;Gparam.LightScatteringID;Gparam.EnvMapID;Unk8.Unk00;Unk10.MapID;Unk10.Unk04;Unk10.Unk0C;Unk10.Unk10;Unk10.Unk14;ThinkParamID;NPCParamID;TalkID;UnkT15;PlatoonID;CharaInitID;CollisionPartName;WalkRouteName;UnkT24;UnkT28;ChrActivateCondParamID;UnkT34;BackupEventAnimID;UnkT3C;SpEffectSetParamID[0];SpEffectSetParamID[1];SpEffectSetParamID[2];SpEffectSetParamID[3];UnkT84;
m10_00_00_00;c0000_9026;c0000;9026;;<-273.026, 78.187, 177.86>;<0, -107.85, 0>;<1, 1, 1>;3;-1;10000715;0;0;0;0;0;False;0;0;1;0;True;False;False;False;0;False;0;0;0;0;0;0;0;0;0;0;-1;0;0;0;0;0;0;0;0;0;0;0;0;0;0;0;0;0;0;0;0;0;0;0;0;0;0;0;0;0;0;0;0;0;0;0;0;0;0;0;0;0;0;0;0;0;0;0;0;0;0;0;0;0;-1;0;-1;-1;0;0;0;-1;0;-1;0;-1;523250000;523250114;325001000;False;0;23250;h005700;;-1;0;0;0;-1;0;0;0;0;0;1;
m10_00_00_00;c0000_9027;c0000;9027;;<-241.16, 13.968, 100.48>;<0, -80.35, 0>;<1, 1, 1>;3;-1;10000740;0;0;0;0;0;False;0;0;1;0;True;False;False;False;0;False;0;0;0;0;0;0;0;0;0;0;-1;0;0;0;0;0;0;0;0;0;0;0;0;0;0;0;0;0;0;0;0;0;0;0;0;0;0;0;0;0;0;0;0;0;0;0;0;0;0;0;0;0;0;0;0;0;0;0;0;0;0;0;0;0;-1;0;-1;-1;0;0;0;-1;0;-1;0;-1;1;523250214;0;False;0;23250;h012500;;-1;0;0;0;-1;0;0;0;0;0;1;
m10_00_00_00;c0000_9028;c0000;9028;;<22.402, -7.593, -8.73>;<0, -91.67, 0>;<1, 1, 1>;3;-1;10000716;0;0;0;0;0;False;0;0;1;0;True;False;False;False;0;False;0;0;0;0;0;0;0;0;0;0;-1;0;0;0;0;0;0;0;0;0;0;0;0;0;0;0;0;0;0;0;0;0;0;0;0;0;0;0;0;0;0;0;0;0;0;0;0;0;0;0;0;0;0;0;0;0;0;0;0;0;0;0;0;0;-1;0;-1;-1;0;0;0;-1;0;-1;0;-1;533250000;533250014;0;False;0;23252;h000900;;-1;0;0;0;-1;0;0;0;0;0;1;
m10_00_00_00;c0000_9030;c0000;9030;;<-283.929, 81.511, 410.198>;<0, -37.78, 0>;<1, 1, 1>;0;-1;10000725;0;0;0;0;0;False;0;0;1;0;True;False;False;False;0;False;0;0;0;0;0;0;0;0;0;0;-1;0;0;0;0;0;0;0;0;0;0;0;0;0;0;0;0;0;0;0;0;0;0;0;0;0;0;0;0;0;0;0;0;0;0;0;0;0;0;0;0;0;0;0;0;0;0;0;0;0;0;0;0;0;-1;0;-1;-1;0;0;0;-1;0;-1;0;-1;523210000;523210014;321001000;False;0;23210;h014300;;-1;0;0;0;-1;0;0;0;0;0;1;
m10_00_00_00;c0000_9035;c0000;9035;;<-188.142, 73.24, 210.78>;<0, -140.43, 0>;<1, 1, 1>;0;-1;10000730;0;0;0;0;0;False;0;0;1;0;True;False;False;False;0;False;0;0;0;0;0;0;0;0;0;0;-1;0;0;0;0;0;0;0;0;0;0;0;0;0;0;0;0;0;0;0;0;0;0;0;0;0;0;0;0;0;0;0;0;0;0;0;0;0;0;0;0;0;0;0;0;0;0;0;0;0;0;0;0;0;-1;0;-1;-1;0;0;0;-1;0;-1;0;-1;523340000;523340014;334001000;False;0;23340;h010200;;-1;0;0;0;-1;0;0;0;0;0;1;
m10_00_00_00;c0000_9036;c0000;9036;;<-284.603, 81.548, 407.68>;<0, -37.1, 0>;<1, 1, 1>;0;-1;10000732;0;0;0;0;0;False;0;0;1;0;True;False;False;False;0;False;0;0;0;0;0;0;0;0;0;0;-1;0;0;0;0;0;0;0;0;0;0;0;0;0;0;0;0;0;0;0;0;0;0;0;0;0;0;0;0;0;0;0;0;0;0;0;0;0;0;0;0;0;0;0;0;0;0;0;0;0;0;0;0;0;-1;0;-1;-1;0;0;0;-1;0;-1;0;-1;523340000;523340214;334001000;False;0;23340;h014300;;-1;0;0;0;-1;0;0;0;0;0;1;
m10_00_00_00;c0000_9037;c0000;9037;;<-199.15, 81.87, 312.45>;<0, 57.77, 0>;<1, 1, 1>;0;-1;10000733;0;0;0;0;0;False;0;0;1;0;True;False;False;False;0;False;0;0;0;0;0;0;0;0;0;0;-1;0;0;0;0;0;0;0;0;0;0;0;0;0;0;0;0;0;0;0;0;0;0;0;0;0;0;0;0;0;0;0;0;0;0;0;0;0;0;0;0;0;0;0;0;0;0;0;0;0;0;0;0;0;-1;0;-1;-1;0;0;0;-1;0;-1;0;-1;533340000;533340014;334011000;False;0;23341;h010301;;-1;0;0;0;-1;0;0;0;0;0;1;
m10_00_00_00;c0100_9000;c0100;9000;;<-246.266, 75.583, 145.279>;<0, 161.069, 0>;<1, 1, 1>;3;-1;10000295;0;0;0;0;0;False;0;0;1;0;True;False;False;False;0;False;0;0;10005680;0;0;0;0;0;0;0;-1;0;0;0;0;0;0;0;0;0;0;0;0;0;0;0;0;0;0;0;0;0;0;0;0;0;0;0;0;0;0;0;0;0;0;0;0;0;0;0;0;0;0;0;0;0;0;0;0;0;0;0;0;0;-1;0;-1;-1;0;0;0;-1;0;-1;0;-1;1000000;1000000;0;False;0;-1;h005600;walk_route_c0100_9000_21;-1;0;0;0;-1;0;0;0;0;0;1;
m10_00_00_00;c0100_9001;c0100;9001;;<-228.556, 67.013, 178.657>;<0, -95.155, 0>;<1, 1, 1>;3;-1;1000100;0;0;0;0;0;False;0;0;1;0;True;False;False;False;0;False;0;0;0;0;0;0;0;0;0;0;-1;0;0;0;0;0;0;0;0;0;0;0;0;0;0;0;0;0;0;0;0;0;0;0;0;0;0;0;0;0;0;0;0;0;0;0;0;0;0;0;0;0;0;0;0;0;0;0;0;0;0;0;0;0;-1;0;-1;-1;0;0;0;-1;0;-1;0;-1;1000000;1000000;0;False;0;-1;h008000;walk_route_c0100_9001_35;-1;0;0;0;-1;0;0;0;0;0;1;
m10_00_00_00;c0100_9002;c0100;9002;;<-234.417, 67.094, 69.732>;<0, 68.859, 0>;<1, 1, 1>;0;-1;10000705;0;0;0;0;0;False;0;0;1;0;True;False;False;False;0;False;0;0;0;0;0;0;0;0;0;0;-1;0;0;0;0;0;0;0;0;0;0;0;0;0;0;0;0;0;0;0;0;0;0;0;0;0;0;0;0;0;0;0;0;0;0;0;0;0;0;0;0;0;0;0;0;0;0;0;0;0;0;0;0;0;-1;0;-1;-1;0;0;0;-1;0;-1;0;-1;1;0;302201000;False;0;-1;h003100;;-1;0;0;0;-1;0;0;0;0;0;1;
m10_00_00_00;c1000_9000;c1000;9000;;<-231.516, 73.781, 347.286>;<0, 130.664, 0>;<1, 1, 1>;3;-1;10000950;0;0;0;0;0;False;0;0;1;0;True;False;False;False;0;False;0;0;0;0;0;0;0;0;0;0;-1;0;0;0;0;0;0;0;0;0;0;0;0;0;0;0;0;0;0;0;0;0;0;0;0;0;0;0;0;0;0;0;0;0;0;0;0;0;0;0;0;0;0;0;0;0;0;0;0;0;0;0;0;0;-1;0;-1;-1;0;0;0;-1;0;-1;0;-1;1;10000000;1000;False;0;-1;;;-1;0;0;0;-1;0;0;0;0;0;1;
m10_00_00_00;c1000_9001;c1000;9001;;<-28.547, -1.757, -18.584>;<0, 0, 0>;<1, 1, 1>;0;-1;10000951;0;0;0;0;0;False;0;0;1;0;True;False;False;False;0;False;0;0;0;0;0;0;0;0;0;0;-1;0;1;0;0;0;0;0;0;0;0;0;0;0;0;0;0;0;0;0;0;0;0;0;0;0;0;0;0;0;0;0;0;0;0;0;0;0;0;0;0;0;0;0;0;0;0;0;0;0;0;0;0;0;-1;0;-1;-1;0;0;0;-1;0;-1;0;-1;1;10000000;1000;False;0;-1;;;-1;0;0;0;-1;0;0;0;0;0;1;
m10_00_00_00;c1000_9002;c1000;9002;;<36.37, -11.28, 5.03>;<0, 1.14, 0>;<1, 1, 1>;0;-1;10000952;0;0;0;0;0;False;0;0;1;0;True;False;False;False;0;False;0;0;0;0;0;0;0;0;0;0;-1;0;0;0;0;0;0;0;0;0;0;0;0;0;0;0;0;0;0;0;0;0;0;0;0;0;0;0;0;0;0;0;0;0;0;0;0;0;0;0;0;0;0;0;0;0;0;0;0;0;0;0;0;0;-1;0;-1;-1;0;0;0;-1;0;-1;0;-1;1;10000000;1000;False;0;-1;;;-1;0;0;0;-1;0;0;0;0;0;1;
m10_00_00_00;c1000_9003;c1000;9003;;<-122.509, 29.553, 11.884>;<0, 0, 0>;<1, 1, 1>;0;-1;10000953;0;0;0;0;0;False;0;0;1;0;True;False;False;False;0;False;0;0;0;0;0;0;0;0;0;0;-1;0;1;0;0;0;0;0;0;0;0;0;0;0;0;0;0;0;0;0;0;0;0;0;0;0;0;0;0;0;0;0;0;0;0;0;0;0;0;0;0;0;0;0;0;0;0;0;0;0;0;0;0;0;-1;0;-1;-1;0;0;0;-1;0;-1;0;-1;1;10000000;1000;False;0;-1;h008900;;-1;0;0;0;-1;0;0;0;0;0;1;
m10_00_00_00;c1000_9004;c1000;9004;;<-200.67, 29.936, -16.5247>;<0, 0, 0>;<1, 1, 1>;0;-1;10000954;0;0;0;0;0;False;0;0;1;0;True;False;False;False;0;False;0;0;0;0;0;0;0;0;0;0;-1;0;1;0;0;0;0;0;0;0;0;0;0;0;0;0;0;0;0;0;0;0;0;0;0;0;0;0;0;0;0;0;0;0;0;0;0;0;0;0;0;0;0;0;0;0;0;0;0;0;0;0;0;0;-1;0;-1;-1;0;0;0;-1;0;-1;0;-1;1;10000000;1000;False;0;-1;h002600;;-1;0;0;0;-1;0;0;0;0;0;1;
m10_00_00_00;c1000_9005;c1000;9005;;<-262.257, 98.44, 112.9563>;<0, 0, 0>;<1, 1, 1>;3;-1;10000955;0;0;0;0;0;False;0;0;1;0;True;False;False;False;0;False;0;0;0;0;0;0;0;0;0;0;-1;0;1;0;0;0;0;0;0;0;0;0;0;0;0;0;0;0;0;0;0;0;0;0;0;0;0;0;0;0;0;0;0;0;0;0;0;0;0;0;0;0;0;0;0;0;0;0;0;0;0;0;0;0;-1;0;-1;-1;0;0;0;-1;0;-1;0;-1;1;10000000;1000;False;0;-1;h004900;;-1;0;0;0;-1;0;0;0;0;0;1;
m10_00_00_00;c1000_9006;c1000;9006;;<-273.115, 71.59, 241.4>;<0, 0, 0>;<1, 1, 1>;3;-1;10000956;0;0;0;0;0;False;0;0;1;0;True;False;False;False;0;False;0;0;0;0;0;0;0;0;0;0;-1;0;1;0;0;0;0;0;0;0;0;0;0;0;0;0;0;0;0;0;0;0;0;0;0;0;0;0;0;0;0;0;0;0;0;0;0;0;0;0;0;0;0;0;0;0;0;0;0;0;0;0;0;0;-1;0;-1;-1;0;0;0;-1;0;-1;0;-1;1;10000000;1000;False;0;-1;h011100;;-1;0;0;0;-1;0;0;0;0;0;1;
m10_00_00_00;c1000_9007;c1000;9007;;<-189.609, 81.874, 315.01>;<0, 130.664, 0>;<1, 1, 1>;3;-1;10000957;0;0;0;0;0;False;0;0;1;0;True;False;False;False;0;False;0;0;0;0;0;0;0;0;0;0;-1;0;0;0;0;0;0;0;0;0;0;0;0;0;0;0;0;0;0;0;0;0;0;0;0;0;0;0;0;0;0;0;0;0;0;0;0;0;0;0;0;0;0;0;0;0;0;0;0;0;0;0;0;0;-1;0;-1;-1;0;0;0;-1;0;-1;0;-1;1;10000000;1000;False;0;-1;;;-1;0;0;0;-1;0;0;0;0;0;1;
m10_00_00_00;c1000_9008;c1000;9008;;<-96.08, 20.906, 20.279>;<0, 130.664, 0>;<1, 1, 1>;0;-1;10000958;0;0;0;0;0;False;0;0;1;0;True;False;False;False;0;False;0;0;0;0;0;0;0;0;0;0;-1;0;0;0;0;0;0;0;0;0;0;0;0;0;0;0;0;0;0;0;0;0;0;0;0;0;0;0;0;0;0;0;0;0;0;0;0;0;0;0;0;0;0;0;0;0;0;0;0;0;0;0;0;0;-1;0;-1;-1;0;0;0;-1;0;-1;0;-1;1;10000000;1000;False;0;-1;h001300;;-1;0;0;0;-1;0;0;0;0;0;1;
m10_00_00_00;c1000_9020;c1000;9020;;<-166.522, 74.599, 264.304>;<0, 138.53, 0>;<1, 1, 1>;3;-1;10000100;0;0;0;0;0;False;0;0;1;0;True;False;False;False;0;False;0;0;0;0;0;0;0;0;0;10005100;-1;0;0;0;0;0;0;0;0;0;0;0;0;0;0;0;0;0;0;0;0;0;0;0;0;0;0;0;0;0;0;0;0;0;0;0;0;0;0;0;0;0;0;0;0;0;0;0;0;0;0;0;0;0;-1;0;-1;-1;0;0;0;-1;0;-1;0;-1;1;10001000;2000;False;0;-1;h010100;;-1;0;0;0;-1;0;0;0;0;0;1;
m10_00_00_00;c1000_9021;c1000;9021;;<-168.591, 33.693, 54.19>;<0, 155, 0>;<1, 1, 1>;0;-1;10000102;0;0;0;0;0;False;0;0;1;0;True;False;False;False;0;False;0;0;0;0;0;0;0;0;0;0;-1;0;0;0;0;0;0;0;0;0;0;0;0;0;0;0;0;0;0;0;0;0;0;0;0;0;0;0;0;0;0;0;0;0;0;0;0;0;0;0;0;0;0;0;0;0;0;0;0;0;0;0;0;0;-1;0;-1;-1;0;0;0;-1;0;-1;0;-1;1;10001000;2000;False;0;-1;h008700;;-1;0;0;0;-1;0;0;0;0;0;1;
m10_00_00_00;c1000_9022;c1000;9022;;<-221.383, 66.953, 209.479>;<0, -36.47, 0>;<1, 1, 1>;3;-1;10000104;0;0;0;0;0;False;0;0;1;0;True;False;False;False;0;False;0;0;0;0;0;0;0;0;0;0;-1;0;0;0;0;0;0;0;0;0;0;0;0;0;0;0;0;0;0;0;0;0;0;0;0;0;0;0;0;0;0;0;0;0;0;0;0;0;0;0;0;0;0;0;0;0;0;0;0;0;0;0;0;0;-1;0;-1;-1;0;0;0;-1;0;-1;0;-1;1;10001000;2000;False;0;-1;h013500;;-1;0;0;0;-1;0;0;0;0;0;1;
m10_00_00_00;c1000_9023;c1000;9023;;<-263.095, 78.014, 347.896>;<0, 165, 0>;<1, 1, 1>;3;-1;10000106;0;0;0;0;0;False;0;0;1;0;True;False;False;False;0;False;0;0;0;0;0;0;0;0;0;0;-1;0;0;0;0;0;0;0;0;0;0;0;0;0;0;0;0;0;0;0;0;0;0;0;0;0;0;0;0;0;0;0;0;0;0;0;0;0;0;0;0;0;0;0;0;0;0;0;0;0;0;0;0;0;-1;0;-1;-1;0;0;0;-1;0;-1;0;-1;1;10001000;2000;False;0;-1;h014000;;-1;0;0;0;-1;0;0;0;0;0;1;
m10_00_00_00;c1000_9024;c1000;9024;;<-10.66, -1.991, -28.74>;<0, -0, 0>;<1, 1, 1>;0;-1;10000108;0;0;0;0;0;False;0;0;1;0;True;False;False;False;0;False;0;0;0;0;0;0;0;0;0;0;-1;0;0;0;0;0;0;0;0;0;0;0;0;0;0;0;0;0;0;0;0;0;0;0;0;0;0;0;0;0;0;0;0;0;0;0;0;0;0;0;0;0;0;0;0;0;0;0;0;0;0;0;0;0;-1;0;-1;-1;0;0;0;-1;0;-1;0;-1;1;10001000;2000;False;0;-1;h001200;;-1;0;0;0;-1;0;0;0;0;0;1;
m10_00_00_00;c2130_9000;c2130;9000;;<-18.624, -2.601, -17.351>;<0, -80.082, 0>;<1, 1, 1>;0;-1;10000850;0;0;0;0;0;False;0;0;1;0;True;False;False;False;0;False;0;0;10005850;0;0;0;0;0;10005108;0;-1;0;0;0;0;0;0;0;0;0;0;0;0;0;0;0;0;0;0;0;0;0;0;0;0;0;0;0;0;0;0;0;0;0;0;0;0;0;0;0;0;0;0;0;0;0;0;0;0;0;0;0;0;0;-1;0;-1;-1;0;0;0;-1;0;-1;0;-1;21300000;21300014;204101000;False;0;-1;h001200;;-1;0;0;0;-1;0;0;0;0;0;1;
m10_00_00_00;c2140_9000;c2140;9000;;<-247.334, 67.796, 220.434>;<0, -1.111, 0>;<1, 1, 1>;3;-1;10000620;0;0;0;0;0;False;0;0;1;0;True;False;False;False;0;False;0;0;0;0;0;10005370;0;0;0;10005104;-1;0;0;0;0;0;0;0;0;0;0;0;0;0;0;0;0;0;0;0;0;0;0;0;0;0;0;0;0;0;0;0;0;0;0;0;0;0;0;0;0;0;0;0;0;0;0;0;0;0;0;0;0;0;-1;0;-1;-1;0;0;0;-1;0;-1;0;-1;21400000;21400114;0;False;0;-1;h008000;;-1;0;0;0;700;0;0;0;0;0;1;
m10_00_00_00;c2500_9000;c2500;9000;;<-296.587, -24.817, 97.917>;<0, 82.477, 0>;<1, 1, 1>;3;-1;10000498;0;0;0;0;0;False;0;0;1;0;True;False;False;False;0;False;0;0;0;0;0;0;0;0;0;0;-1;0;0;0;0;0;0;0;0;0;0;0;0;0;0;0;0;0;0;0;0;0;0;0;0;0;0;0;0;0;0;0;0;0;0;0;0;0;0;0;0;0;0;0;0;0;0;0;0;0;0;0;0;0;-1;0;-1;-1;0;0;0;-1;0;-1;0;-1;25000050;25000014;0;False;0;-1;h015600;巡回 城壁下 十六騎士;-1;0;0;0;-1;0;0;0;0;0;1;
m10_00_00_00;c3000_9000;c3000;9000;;<-252.5, 55.93, 67.83>;<0, 70.58, 0>;<1, 1, 1>;0;-1;10000300;0;0;0;0;0;False;0;0;1;0;True;False;False;False;0;False;0;0;0;0;0;0;0;0;0;0;-1;0;0;0;0;0;0;0;0;0;0;0;0;0;0;0;0;0;0;0;0;0;0;0;0;0;0;0;0;0;0;0;0;0;0;0;0;0;0;0;0;0;0;0;0;0;0;0;0;0;0;0;0;0;-1;0;-1;-1;0;0;0;-1;0;-1;0;-1;30003000;30003214;0;False;0;-1;h003000;;-1;0;0;0;-1;0;0;0;0;0;1;
m10_00_00_00;c3000_9001;c3000;9001;;<-240.69, 65.64, 49.07>;<0, 77.34, 0>;<1, 1, 1>;0;-1;10000301;0;0;0;0;0;False;0;0;1;0;True;False;False;False;0;False;0;0;0;0;0;0;0;0;0;0;-1;0;0;0;0;0;0;0;0;0;0;0;0;0;0;0;0;0;0;0;0;0;0;0;0;0;0;0;0;0;0;0;0;0;0;0;0;0;0;0;0;0;0;0;0;0;0;0;0;0;0;0;0;0;-1;0;-1;-1;0;0;0;-1;0;-1;0;-1;30003000;30003214;0;False;0;-1;h003000;;-1;0;0;0;-1;0;0;0;0;0;1;
m10_00_00_00;c3000_9002;c3000;9002;;<-229.413, 50.552, 24.007>;<0, -31.135, 0>;<1, 1, 1>;0;-1;10000302;0;0;0;0;0;False;0;0;1;0;True;False;False;False;0;False;0;0;0;0;0;0;0;0;0;0;-1;0;0;0;0;0;0;0;0;0;0;0;0;0;0;0;0;0;0;0;0;0;0;0;0;0;0;0;0;0;0;0;0;0;0;0;0;0;0;0;0;0;0;0;0;0;0;0;0;0;0;0;0;0;-1;0;-1;-1;0;0;0;-1;0;-1;0;-1;30003200;30003014;0;False;0;-1;h002900;walk_route_c3000_9002_10;-1;0;0;0;0;0;0;0;0;0;1;
m10_00_00_00;c3000_9003;c3000;9003;;<-244.205, 59.116, 52.154>;<0, 8.65, 0>;<1, 1, 1>;0;-1;10000303;0;0;0;0;0;False;0;0;1;0;True;False;False;False;0;False;0;0;0;0;0;0;0;0;0;0;-1;0;0;0;0;0;0;0;0;0;0;0;0;0;0;0;0;0;0;0;0;0;0;0;0;0;0;0;0;0;0;0;0;0;0;0;0;0;0;0;0;0;0;0;0;0;0;0;0;0;0;0;0;0;-1;0;-1;-1;0;0;0;-1;0;-1;0;-1;30003400;30003214;0;False;0;-1;h003600;;-1;0;0;0;-1;0;30000030;0;0;0;1;
m10_00_00_00;c3000_9004;c3000;9004;;<-239.917, 51.28, 37.622>;<0, 87.197, 0>;<1, 1, 1>;0;-1;10000304;0;0;0;0;0;False;0;0;1;0;True;False;False;False;0;False;0;0;0;0;0;0;0;0;0;0;-1;0;0;0;0;0;0;0;0;0;0;0;0;0;0;0;0;0;0;0;0;0;0;0;0;0;0;0;0;0;0;0;0;0;0;0;0;0;0;0;0;0;0;0;0;0;0;0;0;0;0;0;0;0;-1;0;-1;-1;0;0;0;-1;0;-1;0;-1;30000400;30000114;0;False;0;-1;h002900;;-1;0;0;0;-1;0;0;0;0;0;1;
m10_00_00_00;c3000_9005;c3000;9005;;<-233.637, 51.447, 41.661>;<0, 10.439, 0>;<1, 1, 1>;0;-1;10000305;0;0;0;0;0;False;0;0;1;0;True;False;False;False;0;False;0;0;0;0;0;0;0;0;0;0;-1;0;0;0;0;0;0;0;0;0;0;0;0;0;0;0;0;0;0;0;0;0;0;0;0;0;0;0;0;0;0;0;0;0;0;0;0;0;0;0;0;0;0;0;0;0;0;0;0;0;0;0;0;0;-1;0;-1;-1;0;0;0;-1;0;-1;0;-1;30001100;30001014;0;False;0;-1;h003000;;-1;0;0;0;702;0;0;0;0;0;1;
m10_00_00_00;c3000_9006;c3000;9006;;<-234.426, 69.955, 40.505>;<0, 81.865, 0>;<1, 1, 1>;0;-1;10000306;0;0;0;0;0;False;0;0;1;0;True;False;False;False;0;False;0;0;10005226;0;0;0;0;0;0;0;-1;0;0;0;0;0;0;0;0;0;0;0;0;0;0;0;0;0;0;0;0;0;0;0;0;0;0;0;0;0;0;0;0;0;0;0;0;0;0;0;0;0;0;0;0;0;0;0;0;0;0;0;0;0;-1;0;-1;-1;0;0;0;-1;0;-1;0;-1;30000000;30000014;0;False;0;-1;h003700;;-1;0;0;0;-1;0;0;0;0;0;1;
m10_00_00_00;c3000_9007;c3000;9007;;<-240.408, 70.569, 48.446>;<0, 151.314, 0>;<1, 1, 1>;0;-1;10000307;0;0;0;0;0;False;0;0;1;0;True;False;False;False;0;False;0;0;0;0;0;0;0;0;0;0;-1;0;0;0;0;0;0;0;0;0;0;0;0;0;0;0;0;0;0;0;0;0;0;0;0;0;0;0;0;0;0;0;0;0;0;0;0;0;0;0;0;0;0;0;0;0;0;0;0;0;0;0;0;0;-1;0;-1;-1;0;0;0;-1;0;-1;0;-1;30002000;30002014;0;False;0;-1;h003600;;-1;0;0;0;-1;0;0;0;0;0;1;
m10_00_00_00;c3000_9011;c3000;9011;;<-261.172, 108.915, 103.816>;<0, 166.892, 0>;<1, 1, 1>;3;-1;10000311;0;0;0;0;0;False;0;0;1;0;True;False;False;False;0;False;0;0;10005311;0;0;0;0;0;0;0;-1;0;0;0;0;0;0;0;0;0;0;0;0;0;0;0;0;0;0;0;0;0;0;0;0;0;0;0;0;0;0;0;0;0;0;0;0;0;0;0;0;0;0;0;0;0;0;0;0;0;0;0;0;0;-1;0;-1;-1;0;0;0;-1;0;-1;0;-1;30003800;30003514;0;False;0;-1;h013000;巡回 監視塔上層 喪失の兵士 松明;-1;0;0;0;-1;0;0;0;0;0;1;
m10_00_00_00;c3000_9012;c3000;9012;;<-264.547, 106.72, 85.547>;<0, 82.07, 0>;<1, 1, 1>;3;-1;10000312;0;0;0;0;0;False;0;0;1;0;True;False;False;False;0;False;0;0;0;0;0;0;0;0;0;0;-1;0;0;0;0;0;0;0;0;0;0;0;0;0;0;0;0;0;0;0;0;0;0;0;0;0;0;0;0;0;0;0;0;0;0;0;0;0;0;0;0;0;0;0;0;0;0;0;0;0;0;0;0;0;-1;0;-1;-1;0;0;0;-1;0;-1;0;-1;30000800;30000014;0;False;0;-1;h004500;;-1;0;0;0;702;0;0;0;0;0;1;
m10_00_00_00;c3000_9013;c3000;9013;;<-280.843, 107.445, 79.596>;<0, -112.32, 0>;<1, 1, 1>;3;-1;10000313;0;0;0;0;0;False;0;0;1;0;True;False;False;False;0;False;0;0;10005240;0;0;0;0;0;0;0;-1;0;0;0;0;0;0;0;0;0;0;0;0;0;0;0;0;0;0;0;0;0;0;0;0;0;0;0;0;0;0;0;0;0;0;0;0;0;0;0;0;0;0;0;0;0;0;0;0;0;0;0;0;0;-1;0;-1;-1;0;0;0;-1;0;-1;0;-1;30002005;30002014;0;False;0;-1;h004600;walk_route_c3000_9013_18;-1;0;0;0;-1;0;0;0;0;0;1;
m10_00_00_00;c3000_9014;c3000;9014;;<-248.579, 107.86, 83.643>;<0, -133.108, 0>;<1, 1, 1>;3;-1;10000314;0;0;0;0;0;False;0;0;1;0;True;False;False;False;0;False;0;0;10005311;0;0;0;0;0;0;0;-1;0;0;0;0;0;0;0;0;0;0;0;0;0;0;0;0;0;0;0;0;0;0;0;0;0;0;0;0;0;0;0;0;0;0;0;0;0;0;0;0;0;0;0;0;0;0;0;0;0;0;0;0;0;-1;0;-1;-1;0;0;0;-1;0;-1;0;-1;30000000;30001214;0;False;0;-1;h013000;;-1;0;0;0;703;0;103000;0;0;0;1;
m10_00_00_00;c3000_9015;c3000;9015;;<-266.287, 107.639, 109.969>;<0, -113.108, 0>;<1, 1, 1>;3;-1;10000315;0;0;0;0;0;False;0;0;1;0;True;False;False;False;0;False;0;0;10005311;0;0;0;0;0;0;0;-1;0;0;0;0;0;0;0;0;0;0;0;0;0;0;0;0;0;0;0;0;0;0;0;0;0;0;0;0;0;0;0;0;0;0;0;0;0;0;0;0;0;0;0;0;0;0;0;0;0;0;0;0;0;-1;0;-1;-1;0;0;0;-1;0;-1;0;-1;30000400;30001314;0;False;0;-1;h013000;;-1;0;0;0;-1;0;103000;0;0;0;1;
m10_00_00_00;c3000_9016;c3000;9016;;<-258.555, 107.645, 120.836>;<0, 6.892, 0>;<1, 1, 1>;3;-1;10000316;0;0;0;0;0;False;0;0;1;0;True;False;False;False;0;False;0;0;10005311;0;0;0;0;0;0;0;-1;0;0;0;0;0;0;0;0;0;0;0;0;0;0;0;0;0;0;0;0;0;0;0;0;0;0;0;0;0;0;0;0;0;0;0;0;0;0;0;0;0;0;0;0;0;0;0;0;0;0;0;0;0;-1;0;-1;-1;0;0;0;-1;0;-1;0;-1;30000400;30001314;0;False;0;-1;h013000;;-1;0;0;0;-1;0;103000;0;0;0;1;
m10_00_00_00;c3000_9017;c3000;9017;;<-259.627, 107.645, 121.58>;<0, 86.892, 0>;<1, 1, 1>;3;-1;10000317;0;0;0;0;0;False;0;0;1;0;True;False;False;False;0;False;0;0;10005311;0;0;0;0;0;0;0;-1;0;0;0;0;0;0;0;0;0;0;0;0;0;0;0;0;0;0;0;0;0;0;0;0;0;0;0;0;0;0;0;0;0;0;0;0;0;0;0;0;0;0;0;0;0;0;0;0;0;0;0;0;0;-1;0;-1;-1;0;0;0;-1;0;-1;0;-1;30000400;30001314;0;False;0;-1;h013000;;-1;0;0;0;-1;0;103000;0;0;0;1;
m10_00_00_00;c3000_9018;c3000;9018;;<-246.262, 107.639, 106.818>;<0, -23.108, 0>;<1, 1, 1>;3;-1;10000318;0;0;0;0;0;False;0;0;1;0;True;False;False;False;0;False;0;0;10005311;0;0;0;0;0;0;0;-1;0;0;0;0;0;0;0;0;0;0;0;0;0;0;0;0;0;0;0;0;0;0;0;0;0;0;0;0;0;0;0;0;0;0;0;0;0;0;0;0;0;0;0;0;0;0;0;0;0;0;0;0;0;-1;0;-1;-1;0;0;0;-1;0;-1;0;-1;30001000;30001114;0;False;0;-1;h013000;;-1;0;0;0;-1;0;103000;0;0;0;1;
m10_00_00_00;c3000_9020;c3000;9020;;<-245.718, 75.582, 140.205>;<0, 151.892, 0>;<1, 1, 1>;3;-1;1000101;0;0;0;0;0;False;0;0;1;0;True;False;False;False;0;False;0;0;10005680;0;0;0;0;0;0;0;-1;0;0;0;0;0;0;0;0;0;0;0;0;0;0;0;0;0;0;0;0;0;0;0;0;0;0;0;0;0;0;0;0;0;0;0;0;0;0;0;0;0;0;0;0;0;0;0;0;0;0;0;0;0;-1;0;-1;-1;0;0;0;-1;0;-1;0;-1;30003100;30003214;0;False;0;-1;h005600;;-1;0;0;0;-1;0;0;0;0;0;1;
m10_00_00_00;c3000_9027;c3000;9027;;<-198.907, 75.571, 99.845>;<0, 57.964, 0>;<1, 1, 1>;3;-1;10000327;0;0;0;0;0;False;0;0;1;0;True;False;False;False;0;False;0;0;10005334;0;0;0;0;0;0;0;-1;0;0;0;0;0;0;0;0;0;0;0;0;0;0;0;0;0;0;0;0;0;0;0;0;0;0;0;0;0;0;0;0;0;0;0;0;0;0;0;0;0;0;0;0;0;0;0;0;0;0;0;0;0;-1;0;-1;-1;0;0;0;-1;0;-1;0;-1;30000000;30000014;0;False;0;-1;h006800;;-1;0;0;0;702;0;0;0;0;0;1;
m10_00_00_00;c3000_9029;c3000;9029;;<-222.978, 75.861, 69.745>;<0, -18.108, 0>;<1, 1, 1>;3;-1;1000102;0;0;0;0;0;False;0;0;1;0;True;False;False;False;0;False;0;0;0;0;0;0;0;0;0;0;-1;0;0;0;0;0;0;0;0;0;0;0;0;0;0;0;0;0;0;0;0;0;0;0;0;0;0;0;0;0;0;0;0;0;0;0;0;0;0;0;0;0;0;0;0;0;0;0;0;0;0;0;0;0;-1;0;-1;-1;0;0;0;-1;0;-1;0;-1;30003800;30003214;0;False;0;-1;h006300;;-1;0;0;0;-1;0;0;0;0;0;1;
m10_00_00_00;c3000_9030;c3000;9030;;<-194.734, 75.565, 92.449>;<0, -23.108, 0>;<1, 1, 1>;3;-1;10000330;0;0;0;0;0;False;0;0;1;0;True;False;False;False;0;False;0;0;0;0;0;0;0;0;0;0;-1;0;0;0;0;0;0;0;0;0;0;0;0;0;0;0;0;0;0;0;0;0;0;0;0;0;0;0;0;0;0;0;0;0;0;0;0;0;0;0;0;0;0;0;0;0;0;0;0;0;0;0;0;0;-1;0;-1;-1;0;0;0;-1;0;-1;0;-1;30002000;30002014;0;False;0;-1;h006600;walk_route_c3000_9030_32;-1;0;0;0;-1;0;0;0;0;0;1;
m10_00_00_00;c3000_9032;c3000;9032;;<-183.973, 71.92, 88.102>;<0, 56.892, 0>;<1, 1, 1>;3;-1;10000332;0;0;0;0;0;False;0;0;1;0;True;False;False;False;0;False;0;0;0;0;0;0;0;0;0;0;-1;0;0;0;0;0;0;0;0;0;0;0;0;0;0;0;0;0;0;0;0;0;0;0;0;0;0;0;0;0;0;0;0;0;0;0;0;0;0;0;0;0;0;0;0;0;0;0;0;0;0;0;0;0;-1;0;-1;-1;0;0;0;-1;0;-1;0;-1;30000300;30000114;0;False;0;-1;h006600;;-1;0;0;0;703;0;0;0;0;0;1;
m10_00_00_00;c3000_9034;c3000;9034;;<-201.612, 76.373, 105.027>;<0, -148.108, 0>;<1, 1, 1>;3;-1;10000334;0;0;0;0;0;False;0;0;1;0;True;False;False;False;0;False;0;0;10005334;0;0;0;0;0;0;0;-1;0;0;0;0;0;0;0;0;0;0;0;0;0;0;0;0;0;0;0;0;0;0;0;0;0;0;0;0;0;0;0;0;0;0;0;0;0;0;0;0;0;0;0;0;0;0;0;0;0;0;0;0;0;-1;0;-1;-1;0;0;0;-1;0;-1;0;-1;30000000;30000014;0;False;0;-1;h007000;;-1;0;0;0;702;0;0;0;0;0;1;
m10_00_00_00;c3000_9035;c3000;9035;;<-251.847, 65.826, 128.42>;<0, 171.892, 0>;<1, 1, 1>;3;-1;10000335;0;0;0;0;0;False;0;0;1;0;True;False;False;False;0;False;0;0;0;0;0;0;0;0;0;0;-1;0;0;0;0;0;0;0;0;0;0;0;0;0;0;0;0;0;0;0;0;0;0;0;0;0;0;0;0;0;0;0;0;0;0;0;0;0;0;0;0;0;0;0;0;0;0;0;0;0;0;0;0;0;-1;0;-1;-1;0;0;0;-1;0;-1;0;-1;30003000;30003214;0;False;0;-1;h007600;;-1;0;0;0;-1;0;0;0;0;0;1;
m10_00_00_00;c3000_9040;c3000;9040;;<-162.69, 35.666, 112.149>;<0, -7.855, 0>;<1, 1, 1>;0;-1;1000103;0;0;0;0;0;False;0;0;1;0;True;False;False;False;0;False;0;0;0;0;0;0;0;0;0;10005102;-1;0;0;0;0;0;0;0;0;0;0;0;0;0;0;0;0;0;0;0;0;0;0;0;0;0;0;0;0;0;0;0;0;0;0;0;0;0;0;0;0;0;0;0;0;0;0;0;0;0;0;0;0;0;-1;0;-1;-1;0;0;0;-1;0;-1;0;-1;30001000;30001014;0;False;0;-1;h008500;;-1;0;0;0;0;0;0;0;0;0;1;
m10_00_00_00;c3000_9041;c3000;9041;;<-153.29, 30.044, 56.951>;<0, -32.589, 0>;<1, 1, 1>;0;-1;1000104;0;0;0;0;0;False;0;0;1;0;True;False;False;False;0;False;0;0;0;0;0;0;0;0;0;10005102;-1;0;0;0;0;0;0;0;0;0;0;0;0;0;0;0;0;0;0;0;0;0;0;0;0;0;0;0;0;0;0;0;0;0;0;0;0;0;0;0;0;0;0;0;0;0;0;0;0;0;0;0;0;0;-1;0;-1;-1;0;0;0;-1;0;-1;0;-1;30003200;30003214;0;False;0;-1;h008500;;-1;0;0;0;-1;0;0;0;0;0;1;
m10_00_00_00;c3000_9042;c3000;9042;;<-165.845, 34.085, 49.752>;<0, -96.487, 0>;<1, 1, 1>;0;-1;1000105;0;0;0;0;0;False;0;0;1;0;True;False;False;False;0;False;0;0;10005217;0;0;0;0;0;0;10005102;-1;0;0;0;0;0;0;0;0;0;0;0;0;0;0;0;0;0;0;0;0;0;0;0;0;0;0;0;0;0;0;0;0;0;0;0;0;0;0;0;0;0;0;0;0;0;0;0;0;0;0;0;0;0;-1;0;-1;-1;0;0;0;-1;0;-1;0;-1;30003200;30003214;0;False;0;-1;h008700;;-1;0;0;0;0;0;0;0;0;0;1;
m10_00_00_00;c3000_9044;c3000;9044;;<-145.104, 29.696, 55.801>;<0, -0.131, 0>;<1, 1, 1>;0;-1;1000106;0;0;0;0;0;False;0;0;1;0;True;False;False;False;0;False;0;0;0;0;0;0;0;0;0;10005102;-1;0;0;0;0;0;0;0;0;0;0;0;0;0;0;0;0;0;0;0;0;0;0;0;0;0;0;0;0;0;0;0;0;0;0;0;0;0;0;0;0;0;0;0;0;0;0;0;0;0;0;0;0;0;-1;0;-1;-1;0;0;0;-1;0;-1;0;-1;30001000;30001014;0;False;0;-1;h008500;;-1;0;0;0;-1;0;0;0;0;0;1;
m10_00_00_00;c3000_9045;c3000;9045;;<-161.407, 35.661, 76.427>;<0, -72.855, 0>;<1, 1, 1>;0;-1;1000107;0;0;0;0;0;False;0;0;1;0;True;False;False;False;0;False;0;0;0;0;0;0;0;0;0;10005102;-1;0;0;0;0;0;0;0;0;0;0;0;0;0;0;0;0;0;0;0;0;0;0;0;0;0;0;0;0;0;0;0;0;0;0;0;0;0;0;0;0;0;0;0;0;0;0;0;0;0;0;0;0;0;-1;0;-1;-1;0;0;0;-1;0;-1;0;-1;30000300;30000014;0;False;0;-1;h008500;;-1;0;0;0;-1;0;0;0;0;0;1;
m10_00_00_00;c3000_9046;c3000;9046;;<-152.098, 29.926, 57.244>;<0, -32.589, 0>;<1, 1, 1>;0;-1;1000108;0;0;0;0;0;False;0;0;1;0;True;False;False;False;0;False;0;0;0;0;0;0;0;0;0;10005102;-1;0;0;0;0;0;0;0;0;0;0;0;0;0;0;0;0;0;0;0;0;0;0;0;0;0;0;0;0;0;0;0;0;0;0;0;0;0;0;0;0;0;0;0;0;0;0;0;0;0;0;0;0;0;-1;0;-1;-1;0;0;0;-1;0;-1;0;-1;30001000;30001014;0;False;0;-1;h008500;;-1;0;0;0;-1;0;0;0;0;0;1;
m10_00_00_00;c3000_9047;c3000;9047;;<-147.381, 36.014, 89.813>;<0, 38.997, 0>;<1, 1, 1>;0;-1;1000109;0;0;0;0;0;False;0;0;1;0;True;False;False;False;0;False;0;0;0;0;0;0;0;0;0;10005102;-1;0;0;0;0;0;0;0;0;0;0;0;0;0;0;0;0;0;0;0;0;0;0;0;0;0;0;0;0;0;0;0;0;0;0;0;0;0;0;0;0;0;0;0;0;0;0;0;0;0;0;0;0;0;-1;0;-1;-1;0;0;0;-1;0;-1;0;-1;30000300;30000014;0;False;0;-1;h008500;;-1;0;0;0;-1;0;0;0;0;0;1;
m10_00_00_00;c3000_9048;c3000;9048;;<-157.564, 35.68, 113.3>;<0, -8.077, 0>;<1, 1, 1>;0;-1;1000110;0;0;0;0;0;False;0;0;1;0;True;False;False;False;0;False;0;0;0;0;0;0;0;0;0;10005102;-1;0;0;0;0;0;0;0;0;0;0;0;0;0;0;0;0;0;0;0;0;0;0;0;0;0;0;0;0;0;0;0;0;0;0;0;0;0;0;0;0;0;0;0;0;0;0;0;0;0;0;0;0;0;-1;0;-1;-1;0;0;0;-1;0;-1;0;-1;30001000;30001014;0;False;0;-1;h008500;;-1;0;0;0;-1;0;0;0;0;0;1;
m10_00_00_00;c3000_9049;c3000;9049;;<-157.331, 35.842, 81.418>;<0, -12.685, 0>;<1, 1, 1>;0;-1;1000111;0;0;0;0;0;False;0;0;1;0;True;False;False;False;0;False;0;0;0;0;0;0;0;0;0;10005102;-1;0;0;0;0;0;0;0;0;0;0;0;0;0;0;0;0;0;0;0;0;0;0;0;0;0;0;0;0;0;0;0;0;0;0;0;0;0;0;0;0;0;0;0;0;0;0;0;0;0;0;0;0;0;-1;0;-1;-1;0;0;0;-1;0;-1;0;-1;30000000;30000014;0;False;0;-1;h008500;;-1;0;0;0;-1;0;0;0;0;0;1;
m10_00_00_00;c3000_9050;c3000;9050;;<-168.761, 42.463, 57.925>;<0, -43.294, 0>;<1, 1, 1>;0;-1;10000350;0;0;0;0;0;False;0;0;1;0;True;False;False;False;0;False;0;0;0;0;0;0;0;0;0;10005102;-1;0;0;0;0;0;0;0;0;0;0;0;0;0;0;0;0;0;0;0;0;0;0;0;0;0;0;0;0;0;0;0;0;0;0;0;0;0;0;0;0;0;0;0;0;0;0;0;0;0;0;0;0;0;-1;0;-1;-1;0;0;0;-1;0;-1;0;-1;30000200;30000214;0;False;0;-1;h008700;;-1;0;0;0;-1;0;0;0;0;0;1;
m10_00_00_00;c3000_9051;c3000;9051;;<-170.802, 45.585, 67.753>;<0, -58.294, 0>;<1, 1, 1>;0;-1;10000351;0;0;0;0;0;False;0;0;1;0;True;False;False;False;0;False;0;0;0;0;0;0;0;0;0;10005102;-1;0;0;0;0;0;0;0;0;0;0;0;0;0;0;0;0;0;0;0;0;0;0;0;0;0;0;0;0;0;0;0;0;0;0;0;0;0;0;0;0;0;0;0;0;0;0;0;0;0;0;0;0;0;-1;0;-1;-1;0;0;0;-1;0;-1;0;-1;30000200;30000214;0;False;0;-1;h008700;;-1;0;0;0;-1;0;0;0;0;0;1;
m10_00_00_00;c3000_9052;c3000;9052;;<-166.906, 42.295, 61.688>;<0, -41.046, 0>;<1, 1, 1>;0;-1;10000352;0;0;0;0;0;False;0;0;1;0;True;False;False;False;0;False;0;0;0;0;0;0;0;0;0;10005102;-1;0;0;0;0;0;0;0;0;0;0;0;0;0;0;0;0;0;0;0;0;0;0;0;0;0;0;0;0;0;0;0;0;0;0;0;0;0;0;0;0;0;0;0;0;0;0;0;0;0;0;0;0;0;-1;0;-1;-1;0;0;0;-1;0;-1;0;-1;30000200;30000214;0;False;0;-1;h008700;;-1;0;0;0;-1;0;0;0;0;0;1;
m10_00_00_00;c3000_9053;c3000;9053;;<-168.498, 42.299, 65.699>;<0, -50.451, 0>;<1, 1, 1>;0;-1;10000353;0;0;0;0;0;False;0;0;1;0;True;False;False;False;0;False;0;0;10005217;0;0;0;0;0;0;10005102;-1;0;0;0;0;0;0;0;0;0;0;0;0;0;0;0;0;0;0;0;0;0;0;0;0;0;0;0;0;0;0;0;0;0;0;0;0;0;0;0;0;0;0;0;0;0;0;0;0;0;0;0;0;0;-1;0;-1;-1;0;0;0;-1;0;-1;0;-1;30000200;30000214;0;False;0;-1;h008700;;-1;0;0;0;-1;0;0;0;0;0;1;
m10_00_00_00;c3000_9054;c3000;9054;;<-175.16, 38.306, 52.365>;<0, -82.685, 0>;<1, 1, 1>;0;-1;10000354;0;0;0;0;0;False;0;0;1;0;True;False;False;False;0;False;0;0;0;0;0;0;0;0;0;10005102;-1;0;0;0;0;0;0;0;0;0;0;0;0;0;0;0;0;0;0;0;0;0;0;0;0;0;0;0;0;0;0;0;0;0;0;0;0;0;0;0;0;0;0;0;0;0;0;0;0;0;0;0;0;0;-1;0;-1;-1;0;0;0;-1;0;-1;0;-1;30000200;30000214;0;False;0;-1;h008700;;-1;0;0;0;-1;0;0;0;0;0;1;
m10_00_00_00;c3000_9056;c3000;9056;;<-153.67, 35.789, 83.039>;<0, -7.855, 0>;<1, 1, 1>;0;-1;1000112;0;0;0;0;0;False;0;0;1;0;True;False;False;False;0;False;0;0;0;0;0;0;0;0;0;10005102;-1;0;0;0;0;0;0;0;0;0;0;0;0;0;0;0;0;0;0;0;0;0;0;0;0;0;0;0;0;0;0;0;0;0;0;0;0;0;0;0;0;0;0;0;0;0;0;0;0;0;0;0;0;0;-1;0;-1;-1;0;0;0;-1;0;-1;0;-1;30000100;30000814;0;False;0;-1;h008500;;-1;0;0;0;-1;0;0;0;0;0;1;
m10_00_00_00;c3000_9057;c3000;9057;;<-151.002, 37.194, 94.636>;<0, 34.869, 0>;<1, 1, 1>;0;-1;1000113;0;0;0;0;0;False;0;0;1;0;True;False;False;False;0;False;0;0;0;0;0;0;0;0;0;10005102;-1;0;0;0;0;0;0;0;0;0;0;0;0;0;0;0;0;0;0;0;0;0;0;0;0;0;0;0;0;0;0;0;0;0;0;0;0;0;0;0;0;0;0;0;0;0;0;0;0;0;0;0;0;0;-1;0;-1;-1;0;0;0;-1;0;-1;0;-1;30000000;30000014;0;False;0;-1;h008500;;-1;0;0;0;-1;0;0;0;0;0;1;
m10_00_00_00;c3000_9058;c3000;9058;;<-163.457, 37.086, 93.042>;<0, -52.855, 0>;<1, 1, 1>;0;-1;1000114;0;0;0;0;0;False;0;0;1;0;True;False;False;False;0;False;0;0;10005217;0;0;0;0;0;0;10005102;-1;0;0;0;0;0;0;0;0;0;0;0;0;0;0;0;0;0;0;0;0;0;0;0;0;0;0;0;0;0;0;0;0;0;0;0;0;0;0;0;0;0;0;0;0;0;0;0;0;0;0;0;0;0;-1;0;-1;-1;0;0;0;-1;0;-1;0;-1;30000000;30000814;0;False;0;-1;h008500;;-1;0;0;0;-1;0;0;0;0;0;1;
m10_00_00_00;c3000_9059;c3000;9059;;<-148.01, 36.633, 77.768>;<0, 35.06, 0>;<1, 1, 1>;0;-1;1000115;0;0;0;0;0;False;0;0;1;0;True;False;False;False;0;False;0;0;0;0;0;0;0;0;0;10005102;-1;0;0;0;0;0;0;0;0;0;0;0;0;0;0;0;0;0;0;0;0;0;0;0;0;0;0;0;0;0;0;0;0;0;0;0;0;0;0;0;0;0;0;0;0;0;0;0;0;0;0;0;0;0;-1;0;-1;-1;0;0;0;-1;0;-1;0;-1;30000000;30000814;0;False;0;-1;h008500;;-1;0;0;0;-1;0;0;0;0;0;1;
m10_00_00_00;c3000_9060;c3000;9060;;<-172.467, 56.811, 165.958>;<0, -62.656, 0>;<1, 1, 1>;0;-1;10000360;0;0;0;0;0;False;0;0;1;0;True;False;False;False;0;False;0;0;10005230;0;0;10005360;0;0;0;0;-1;0;0;0;0;0;0;0;0;0;0;0;0;0;0;0;0;0;0;0;0;0;0;0;0;0;0;0;0;0;0;0;0;0;0;0;0;0;0;0;0;0;0;0;0;0;0;0;0;0;0;0;0;0;-1;0;-1;-1;0;0;0;-1;0;-1;0;-1;30001000;30001014;0;False;0;-1;h008300;;-1;0;0;0;-1;0;0;0;0;0;1;
m10_00_00_00;c3000_9061;c3000;9061;;<-170.768, 56.369, 168.678>;<0, -42.165, 0>;<1, 1, 1>;0;-1;1000116;0;0;0;0;0;False;0;0;1;0;True;False;False;False;0;False;0;0;10005230;0;0;10005360;0;0;0;0;-1;0;0;0;0;0;0;0;0;0;0;0;0;0;0;0;0;0;0;0;0;0;0;0;0;0;0;0;0;0;0;0;0;0;0;0;0;0;0;0;0;0;0;0;0;0;0;0;0;0;0;0;0;0;-1;0;-1;-1;0;0;0;-1;0;-1;0;-1;30001000;30001014;0;False;0;-1;h008300;;-1;0;0;0;-1;0;0;0;0;0;1;
m10_00_00_00;c3000_9062;c3000;9062;;<-153.199, 58.437, 172.445>;<0, 0.042, 0>;<1, 1, 1>;0;-1;1000117;0;0;0;0;0;False;0;0;1;0;True;False;False;False;0;False;0;0;10005230;0;0;10005360;0;0;0;0;-1;0;0;0;0;0;0;0;0;0;0;0;0;0;0;0;0;0;0;0;0;0;0;0;0;0;0;0;0;0;0;0;0;0;0;0;0;0;0;0;0;0;0;0;0;0;0;0;0;0;0;0;0;0;-1;0;-1;-1;0;0;0;-1;0;-1;0;-1;30000200;30000714;0;False;0;-1;h008300;;-1;0;0;0;-1;0;0;0;0;0;1;
m10_00_00_00;c3000_9063;c3000;9063;;<-147.599, 54.199, 162.686>;<0, 21.876, 0>;<1, 1, 1>;0;-1;1000118;0;0;0;0;0;False;0;0;1;0;True;False;False;False;0;False;0;0;0;0;0;10005360;0;0;0;0;-1;0;0;0;0;0;0;0;0;0;0;0;0;0;0;0;0;0;0;0;0;0;0;0;0;0;0;0;0;0;0;0;0;0;0;0;0;0;0;0;0;0;0;0;0;0;0;0;0;0;0;0;0;0;-1;0;-1;-1;0;0;0;-1;0;-1;0;-1;30000200;30000714;0;False;0;-1;h008300;;-1;0;0;0;-1;0;0;0;0;0;1;
m10_00_00_00;c3000_9064;c3000;9064;;<-158.11, 53.921, 145.87>;<0, -22.165, 0>;<1, 1, 1>;0;-1;1000119;0;0;0;0;0;False;0;0;1;0;True;False;False;False;0;False;0;0;10005230;0;0;10005360;0;0;0;0;-1;0;0;0;0;0;0;0;0;0;0;0;0;0;0;0;0;0;0;0;0;0;0;0;0;0;0;0;0;0;0;0;0;0;0;0;0;0;0;0;0;0;0;0;0;0;0;0;0;0;0;0;0;0;-1;0;-1;-1;0;0;0;-1;0;-1;0;-1;30003030;30003214;0;False;0;-1;h008400;;-1;0;0;0;-1;0;30000030;0;0;0;1;
m10_00_00_00;c3000_9065;c3000;9065;;<-146.892, 55.188, 149.703>;<0, 37.752, 0>;<1, 1, 1>;0;-1;1000120;0;0;0;0;0;False;0;0;1;0;True;False;False;False;0;False;0;0;10005230;0;0;10005360;0;0;0;0;-1;0;0;0;0;0;0;0;0;0;0;0;0;0;0;0;0;0;0;0;0;0;0;0;0;0;0;0;0;0;0;0;0;0;0;0;0;0;0;0;0;0;0;0;0;0;0;0;0;0;0;0;0;0;-1;0;-1;-1;0;0;0;-1;0;-1;0;-1;30003030;30003214;0;False;0;-1;h008400;;-1;0;0;0;-1;0;30000030;0;0;0;1;
m10_00_00_00;c3000_9070;c3000;9070;;<-230.181, 66.928, 179.799>;<0, -70.511, 0>;<1, 1, 1>;3;-1;1000121;0;0;0;0;0;False;0;0;1;0;True;False;False;False;0;False;0;0;10005230;0;0;10005370;0;0;0;10005104;-1;0;0;0;0;0;0;0;0;0;0;0;0;0;0;0;0;0;0;0;0;0;0;0;0;0;0;0;0;0;0;0;0;0;0;0;0;0;0;0;0;0;0;0;0;0;0;0;0;0;0;0;0;0;-1;0;-1;-1;0;0;0;-1;0;-1;0;-1;30000700;30000114;0;False;0;-1;h008000;;-1;0;0;0;-1;0;0;0;0;0;1;
m10_00_00_00;c3000_9071;c3000;9071;;<-231.392, 66.9, 178.775>;<0, -81.333, 0>;<1, 1, 1>;3;-1;1000122;0;0;0;0;0;False;0;0;1;0;True;False;False;False;0;False;0;0;0;0;0;10005370;0;0;0;10005104;-1;0;0;0;0;0;0;0;0;0;0;0;0;0;0;0;0;0;0;0;0;0;0;0;0;0;0;0;0;0;0;0;0;0;0;0;0;0;0;0;0;0;0;0;0;0;0;0;0;0;0;0;0;0;-1;0;-1;-1;0;0;0;-1;0;-1;0;-1;30000700;30000114;0;False;0;-1;h008000;;-1;0;0;0;-1;0;0;0;0;0;1;
m10_00_00_00;c3000_9072;c3000;9072;;<-248.328, 67.018, 172.521>;<0, -57.696, 0>;<1, 1, 1>;3;-1;10000372;0;0;0;0;0;False;0;0;1;0;True;False;False;False;0;False;0;0;10005230;0;0;10005370;0;0;0;10005104;-1;0;0;0;0;0;0;0;0;0;0;0;0;0;0;0;0;0;0;0;0;0;0;0;0;0;0;0;0;0;0;0;0;0;0;0;0;0;0;0;0;0;0;0;0;0;0;0;0;0;0;0;0;0;-1;0;-1;-1;0;0;0;-1;0;-1;0;-1;30001000;30001014;0;False;0;-1;h008000;;-1;0;0;0;702;0;0;0;0;0;1;
m10_00_00_00;c3000_9073;c3000;9073;;<-248.359, 67.214, 173.947>;<0, -145.452, 0>;<1, 1, 1>;3;-1;10000373;0;0;0;0;0;False;0;0;1;0;True;False;False;False;0;False;0;0;0;0;0;10005370;0;0;0;10005104;-1;0;0;0;0;0;0;0;0;0;0;0;0;0;0;0;0;0;0;0;0;0;0;0;0;0;0;0;0;0;0;0;0;0;0;0;0;0;0;0;0;0;0;0;0;0;0;0;0;0;0;0;0;0;-1;0;-1;-1;0;0;0;-1;0;-1;0;-1;30000700;30000114;0;False;0;-1;h008000;;-1;0;0;0;703;0;0;0;0;0;1;
m10_00_00_00;c3000_9074;c3000;9074;;<-217.551, 67.811, 195.927>;<0, -9.162, 0>;<1, 1, 1>;3;-1;1000123;0;0;0;0;0;False;0;0;1;0;True;False;False;False;0;False;0;0;0;0;0;10005370;0;0;0;10005104;-1;0;0;0;0;0;0;0;0;0;0;0;0;0;0;0;0;0;0;0;0;0;0;0;0;0;0;0;0;0;0;0;0;0;0;0;0;0;0;0;0;0;0;0;0;0;0;0;0;0;0;0;0;0;-1;0;-1;-1;0;0;0;-1;0;-1;0;-1;30003800;30003014;0;False;0;-1;h008000;;-1;0;0;0;-1;0;30000020;0;0;0;1;
m10_00_00_00;c3000_9076;c3000;9076;;<-237.071, 67.877, 177.127>;<0, -59.081, 0>;<1, 1, 1>;3;-1;10000376;0;0;0;0;0;False;0;0;1;0;True;False;False;False;0;False;0;0;0;0;0;10005370;0;0;0;0;-1;0;0;0;0;0;0;0;0;0;0;0;0;0;0;0;0;0;0;0;0;0;0;0;0;0;0;0;0;0;0;0;0;0;0;0;0;0;0;0;0;0;0;0;0;0;0;0;0;0;0;0;0;0;-1;0;-1;-1;0;0;0;-1;0;-1;0;-1;30003800;30003014;0;False;0;-1;h008000;;-1;0;0;0;-1;0;0;0;0;0;1;
m10_00_00_00;c3000_9077;c3000;9077;;<-238.39, 66.645, 187.658>;<0, -34.006, 0>;<1, 1, 1>;3;-1;1000124;0;0;0;0;0;False;0;0;1;0;True;False;False;False;0;False;0;0;0;0;0;10005370;0;0;0;10005104;-1;0;0;0;0;0;0;0;0;0;0;0;0;0;0;0;0;0;0;0;0;0;0;0;0;0;0;0;0;0;0;0;0;0;0;0;0;0;0;0;0;0;0;0;0;0;0;0;0;0;0;0;0;0;-1;0;-1;-1;0;0;0;-1;0;-1;0;-1;30000800;30000614;0;False;0;-1;h008000;;-1;0;0;0;-1;0;30000010;0;0;0;1;
m10_00_00_00;c3000_9078;c3000;9078;;<-226.316, 66.948, 193.305>;<-0, -22.296, 0>;<1, 1, 1>;3;-1;1000125;0;0;0;0;0;False;0;0;1;0;True;False;False;False;0;False;0;0;0;0;0;10005370;0;0;0;10005104;-1;0;0;0;0;0;0;0;0;0;0;0;0;0;0;0;0;0;0;0;0;0;0;0;0;0;0;0;0;0;0;0;0;0;0;0;0;0;0;0;0;0;0;0;0;0;0;0;0;0;0;0;0;0;-1;0;-1;-1;0;0;0;-1;0;-1;0;-1;30000800;30000614;0;False;0;-1;h008000;;-1;0;0;0;-1;0;30000010;0;0;0;1;
m10_00_00_00;c3000_9079;c3000;9079;;<-222.597, 66.976, 194.834>;<-0, -21.557, 0>;<1, 1, 1>;3;-1;1000126;0;0;0;0;0;False;0;0;1;0;True;False;False;False;0;False;0;0;0;0;0;10005370;0;0;0;10005104;-1;0;0;0;0;0;0;0;0;0;0;0;0;0;0;0;0;0;0;0;0;0;0;0;0;0;0;0;0;0;0;0;0;0;0;0;0;0;0;0;0;0;0;0;0;0;0;0;0;0;0;0;0;0;-1;0;-1;-1;0;0;0;-1;0;-1;0;-1;30000800;30000614;0;False;0;-1;h008000;;-1;0;0;0;-1;0;30000010;0;0;0;1;
m10_00_00_00;c3000_9080;c3000;9080;;<-182.419, 58.029, 171.292>;<-0, -71.222, 0>;<1, 1, 1>;3;-1;1000127;0;0;0;0;0;False;0;0;1;0;True;False;False;False;0;False;0;0;0;0;0;0;0;0;0;10005104;-1;0;0;0;0;0;0;0;0;0;0;0;0;0;0;0;0;0;0;0;0;0;0;0;0;0;0;0;0;0;0;0;0;0;0;0;0;0;0;0;0;0;0;0;0;0;0;0;0;0;0;0;0;0;-1;0;-1;-1;0;0;0;-1;0;-1;0;-1;30000800;30000614;0;False;0;-1;h008200;;-1;0;0;0;-1;0;30000010;0;0;0;1;
m10_00_00_00;c3000_9081;c3000;9081;;<-237.85, 66.822, 172.209>;<-0, -74.006, 0>;<1, 1, 1>;3;-1;1000128;0;0;0;0;0;False;0;0;1;0;True;False;False;False;0;False;0;0;0;0;0;10005370;0;0;0;10005104;-1;0;0;0;0;0;0;0;0;0;0;0;0;0;0;0;0;0;0;0;0;0;0;0;0;0;0;0;0;0;0;0;0;0;0;0;0;0;0;0;0;0;0;0;0;0;0;0;0;0;0;0;0;0;-1;0;-1;-1;0;0;0;-1;0;-1;0;-1;30000800;30000614;0;False;0;-1;h008000;;-1;0;0;0;-1;0;30000010;0;0;0;1;
m10_00_00_00;c3000_9082;c3000;9082;;<-228.117, 66.862, 185.623>;<0, -36.557, 0>;<1, 1, 1>;3;-1;1000129;0;0;0;0;0;False;0;0;1;0;True;False;False;False;0;False;0;0;0;0;0;10005370;0;0;0;10005104;-1;0;0;0;0;0;0;0;0;0;0;0;0;0;0;0;0;0;0;0;0;0;0;0;0;0;0;0;0;0;0;0;0;0;0;0;0;0;0;0;0;0;0;0;0;0;0;0;0;0;0;0;0;0;-1;0;-1;-1;0;0;0;-1;0;-1;0;-1;30000800;30000614;0;False;0;-1;h008000;;-1;0;0;0;-1;0;30000010;0;0;0;1;
m10_00_00_00;c3000_9083;c3000;9083;;<-208.51, 67.646, 179.876>;<-0, -66.557, 0>;<1, 1, 1>;3;-1;1000130;0;0;0;0;0;False;0;0;1;0;True;False;False;False;0;False;0;0;0;0;0;10005370;0;0;0;10005104;-1;0;0;0;0;0;0;0;0;0;0;0;0;0;0;0;0;0;0;0;0;0;0;0;0;0;0;0;0;0;0;0;0;0;0;0;0;0;0;0;0;0;0;0;0;0;0;0;0;0;0;0;0;0;-1;0;-1;-1;0;0;0;-1;0;-1;0;-1;30000800;30000614;0;False;0;-1;h008000;;-1;0;0;0;-1;0;30000010;0;0;0;1;
m10_00_00_00;c3000_9084;c3000;9084;;<-214.944, 66.659, 185.799>;<0, -56.557, 0>;<1, 1, 1>;3;-1;1000131;0;0;0;0;0;False;0;0;1;0;True;False;False;False;0;False;0;0;0;0;0;10005370;0;0;0;10005104;-1;0;0;0;0;0;0;0;0;0;0;0;0;0;0;0;0;0;0;0;0;0;0;0;0;0;0;0;0;0;0;0;0;0;0;0;0;0;0;0;0;0;0;0;0;0;0;0;0;0;0;0;0;0;-1;0;-1;-1;0;0;0;-1;0;-1;0;-1;30000800;30000614;0;False;0;-1;h008000;;-1;0;0;0;-1;0;30000010;0;0;0;1;
m10_00_00_00;c3000_9086;c3000;9086;;<-232.148, 67.932, 190.286>;<0, -27.996, 0>;<1, 1, 1>;3;-1;1000132;0;0;0;0;0;False;0;0;1;0;True;False;False;False;0;False;0;0;0;0;0;10005370;0;0;0;10005104;-1;0;0;0;0;0;0;0;0;0;0;0;0;0;0;0;0;0;0;0;0;0;0;0;0;0;0;0;0;0;0;0;0;0;0;0;0;0;0;0;0;0;0;0;0;0;0;0;0;0;0;0;0;0;-1;0;-1;-1;0;0;0;-1;0;-1;0;-1;30000030;30000814;0;False;0;-1;h008000;;-1;0;0;0;-1;0;0;0;0;0;1;
m10_00_00_00;c3000_9088;c3000;9088;;<-239.393, 68.05, 170.031>;<0, -68.112, 0>;<1, 1, 1>;3;-1;1000133;0;0;0;0;0;False;0;0;1;0;True;False;False;False;0;False;0;0;0;0;0;10005370;0;0;0;10005104;-1;0;0;0;0;0;0;0;0;0;0;0;0;0;0;0;0;0;0;0;0;0;0;0;0;0;0;0;0;0;0;0;0;0;0;0;0;0;0;0;0;0;0;0;0;0;0;0;0;0;0;0;0;0;-1;0;-1;-1;0;0;0;-1;0;-1;0;-1;30000030;30000814;0;False;0;-1;h008000;;-1;0;0;0;-1;0;0;0;0;0;1;
m10_00_00_00;c3000_9089;c3000;9089;;<-219.333, 72.634, 213.426>;<0, 41.845, 0>;<1, 1, 1>;3;-1;10000389;0;0;0;0;0;False;0;0;1;0;True;False;False;False;0;False;0;0;0;0;0;10005370;0;0;0;10005104;-1;0;0;0;0;0;0;0;0;0;0;0;0;0;0;0;0;0;0;0;0;0;0;0;0;0;0;0;0;0;0;0;0;0;0;0;0;0;0;0;0;0;0;0;0;0;0;0;0;0;0;0;0;0;-1;0;-1;-1;0;0;0;-1;0;-1;0;-1;30003800;30003214;0;False;0;-1;h008000;;-1;0;0;0;-1;0;0;0;0;0;1;
m10_00_00_00;c3000_9100;c3000;9100;;<-189.758, 74.871, 239.576>;<0, 101.731, 0>;<1, 1, 1>;3;-1;1000134;0;0;0;0;0;False;0;0;1;0;True;False;False;False;0;False;0;0;10005252;0;0;0;0;0;0;0;-1;0;0;0;0;0;0;0;0;0;0;0;0;0;0;0;0;0;0;0;0;0;0;0;0;0;0;0;0;0;0;0;0;0;0;0;0;0;0;0;0;0;0;0;0;0;0;0;0;0;0;0;0;0;-1;0;-1;-1;0;0;0;-1;0;-1;0;-1;30000000;30000014;0;False;0;-1;h010000;;-1;0;0;0;-1;0;0;0;0;0;1;
m10_00_00_00;c3000_9103;c3000;9103;;<-174.344, 78.046, 277.816>;<0, -23.269, 0>;<1, 1, 1>;3;-1;1000135;0;0;0;0;0;False;0;0;1;0;True;False;False;False;0;False;0;0;0;0;0;0;0;0;0;10005100;-1;0;0;0;0;0;0;0;0;0;0;0;0;0;0;0;0;0;0;0;0;0;0;0;0;0;0;0;0;0;0;0;0;0;0;0;0;0;0;0;0;0;0;0;0;0;0;0;0;0;0;0;0;0;-1;0;-1;-1;0;0;0;-1;0;-1;0;-1;30001000;30001014;0;False;0;-1;h010300;;-1;0;0;0;-1;0;0;0;0;0;1;
m10_00_00_00;c3000_9104;c3000;9104;;<-179.43, 77.825, 275.392>;<0, -18.269, 0>;<1, 1, 1>;3;-1;1000136;0;0;0;0;0;False;0;0;1;0;True;False;False;False;0;False;0;0;0;0;0;0;0;0;0;10005100;-1;0;0;0;0;0;0;0;0;0;0;0;0;0;0;0;0;0;0;0;0;0;0;0;0;0;0;0;0;0;0;0;0;0;0;0;0;0;0;0;0;0;0;0;0;0;0;0;0;0;0;0;0;0;-1;0;-1;-1;0;0;0;-1;0;-1;0;-1;30001000;30001014;0;False;0;-1;h010300;;-1;0;0;0;-1;0;0;0;0;0;1;
m10_00_00_00;c3000_9111;c3000;9111;;<-192.571, 76.738, 159.809>;<0, -159.041, 0>;<1, 1, 1>;3;-1;10000411;0;0;0;0;0;False;0;0;1;0;True;False;False;False;0;False;0;0;10005255;0;0;0;0;0;0;0;-1;0;0;0;0;0;0;0;0;0;0;0;0;0;0;0;0;0;0;0;0;0;0;0;0;0;0;0;0;0;0;0;0;0;0;0;0;0;0;0;0;0;0;0;0;0;0;0;0;0;0;0;0;0;-1;0;-1;-1;0;0;0;-1;0;-1;0;-1;30000000;30000014;0;False;0;-1;h013500;;-1;0;0;0;-1;0;0;0;0;0;1;
m10_00_00_00;c3000_9115;c3000;9115;;<-209.43, 94.098, 151.175>;<0, 61.058, 0>;<1, 1, 1>;3;-1;10000415;0;0;0;0;0;False;0;0;1;0;True;False;False;False;0;False;0;0;0;0;0;0;0;0;0;0;-1;0;0;0;0;0;0;0;0;0;0;0;0;0;0;0;0;0;0;0;0;0;0;0;0;0;0;0;0;0;0;0;0;0;0;0;0;0;0;0;0;0;0;0;0;0;0;0;0;0;0;0;0;0;-1;0;-1;-1;0;0;0;-1;0;-1;0;-1;30000000;30000014;0;False;0;-1;h013300;;-1;0;0;0;-1;0;0;0;0;0;1;
m10_00_00_00;c3000_9116;c3000;9116;;<-220.051, 96.507, 140.29>;<0, -141.238, 0>;<1, 1, 1>;3;-1;10000416;0;0;0;0;0;False;0;0;1;0;True;False;False;False;0;False;0;0;0;0;0;0;0;0;0;0;-1;0;0;0;0;0;0;0;0;0;0;0;0;0;0;0;0;0;0;0;0;0;0;0;0;0;0;0;0;0;0;0;0;0;0;0;0;0;0;0;0;0;0;0;0;0;0;0;0;0;0;0;0;0;-1;0;-1;-1;0;0;0;-1;0;-1;0;-1;30000000;30000014;0;False;0;-1;h013300;;-1;0;0;0;-1;0;103020;0;0;0;1;
m10_00_00_00;c3000_9117;c3000;9117;;<-218.677, 96.336, 142.484>;<0, 64.384, 0>;<1, 1, 1>;3;-1;10000417;0;0;0;0;0;False;0;0;1;0;True;False;False;False;0;False;0;0;0;0;0;0;0;0;0;0;-1;0;0;0;0;0;0;0;0;0;0;0;0;0;0;0;0;0;0;0;0;0;0;0;0;0;0;0;0;0;0;0;0;0;0;0;0;0;0;0;0;0;0;0;0;0;0;0;0;0;0;0;0;0;-1;0;-1;-1;0;0;0;-1;0;-1;0;-1;30001000;30001014;0;False;0;-1;h013300;;-1;0;0;0;-1;0;0;0;0;0;1;
m10_00_00_00;c3000_9118;c3000;9118;;<-222.034, 96.521, 143.752>;<0, -74.555, 0>;<1, 1, 1>;3;-1;10000418;0;0;0;0;0;False;0;0;1;0;True;False;False;False;0;False;0;0;0;0;0;0;0;0;0;0;-1;0;0;0;0;0;0;0;0;0;0;0;0;0;0;0;0;0;0;0;0;0;0;0;0;0;0;0;0;0;0;0;0;0;0;0;0;0;0;0;0;0;0;0;0;0;0;0;0;0;0;0;0;0;-1;0;-1;-1;0;0;0;-1;0;-1;0;-1;30000000;30000014;0;False;0;-1;h013300;;-1;0;0;0;-1;0;103020;0;0;0;1;
m10_00_00_00;c3000_9120;c3000;9120;;<-191.666, 76.866, 190.875>;<0, 55.445, 0>;<1, 1, 1>;3;-1;10000420;0;0;0;0;0;False;0;0;1;0;True;False;False;False;0;False;0;0;0;0;0;0;0;0;0;0;-1;0;0;0;0;0;0;0;0;0;0;0;0;0;0;0;0;0;0;0;0;0;0;0;0;0;0;0;0;0;0;0;0;0;0;0;0;0;0;0;0;0;0;0;0;0;0;0;0;0;0;0;0;0;-1;0;-1;-1;0;0;0;-1;0;-1;0;-1;30000000;30000014;0;False;0;-1;h013500;walk_route_c3000_9120_50;-1;0;0;0;-1;0;0;0;0;0;1;
m10_00_00_00;c3000_9121;c3000;9121;;<-197.158, 76.881, 197.085>;<0, 33.557, 0>;<1, 1, 1>;3;-1;10000421;0;0;0;0;0;False;0;0;1;0;True;False;False;False;0;False;0;0;0;0;0;0;0;0;0;0;-1;0;0;0;0;0;0;0;0;0;0;0;0;0;0;0;0;0;0;0;0;0;0;0;0;0;0;0;0;0;0;0;0;0;0;0;0;0;0;0;0;0;0;0;0;0;0;0;0;0;0;0;0;0;-1;0;-1;-1;0;0;0;-1;0;-1;0;-1;30001000;30001014;0;False;0;-1;h013500;;-1;0;0;0;702;0;0;0;0;0;1;
m10_00_00_00;c3000_9122;c3000;9122;;<-161.363, 63.863, 175.803>;<0, 165.02, 0>;<1, 1, 1>;3;-1;10000422;0;0;0;0;0;False;0;0;1;0;True;False;False;False;0;False;0;0;0;0;0;0;0;0;0;0;-1;0;0;0;0;0;0;0;0;0;0;0;0;0;0;0;0;0;0;0;0;0;0;0;0;0;0;0;0;0;0;0;0;0;0;0;0;0;0;0;0;0;0;0;0;0;0;0;0;0;0;0;0;0;-1;0;-1;702;0;0;0;-1;0;-1;0;-1;30001000;30001014;0;False;0;-1;h013500;;-1;0;0;0;703;0;0;0;0;0;1;
m10_00_00_00;c3000_9123;c3000;9123;;<-174.977, 63.86, 144.687>;<0, -130.94, 0>;<1, 1, 1>;3;-1;10000423;0;0;0;0;0;False;0;0;1;0;True;False;False;False;0;False;0;0;0;0;0;0;0;0;0;0;-1;0;0;0;0;0;0;0;0;0;0;0;0;0;0;0;0;0;0;0;0;0;0;0;0;0;0;0;0;0;0;0;0;0;0;0;0;0;0;0;0;0;0;0;0;0;0;0;0;0;0;0;0;0;-1;0;-1;-1;0;0;0;-1;0;-1;0;-1;30000000;30000014;0;False;0;-1;h013500;;-1;0;0;0;-1;0;0;0;0;0;1;
m10_00_00_00;c3000_9124;c3000;9124;;<-171.742, 63.86, 140.761>;<0, 17.299, 0>;<1, 1, 1>;3;-1;10000424;0;0;0;0;0;False;0;0;1;0;True;False;False;False;0;False;0;0;0;0;0;0;0;0;0;0;-1;0;0;0;0;0;0;0;0;0;0;0;0;0;0;0;0;0;0;0;0;0;0;0;0;0;0;0;0;0;0;0;0;0;0;0;0;0;0;0;0;0;0;0;0;0;0;0;0;0;0;0;0;0;-1;0;-1;-1;0;0;0;-1;0;-1;0;-1;30000000;30000014;0;False;0;-1;h013500;;-1;0;0;0;-1;0;0;0;0;0;1;
m10_00_00_00;c3000_9125;c3000;9125;;<-166.152, 63.86, 148.849>;<0, 91.314, 0>;<1, 1, 1>;3;-1;10000425;0;0;0;0;0;False;0;0;1;0;True;False;False;False;0;False;0;0;0;0;0;0;0;0;0;0;-1;0;0;0;0;0;0;0;0;0;0;0;0;0;0;0;0;0;0;0;0;0;0;0;0;0;0;0;0;0;0;0;0;0;0;0;0;0;0;0;0;0;0;0;0;0;0;0;0;0;0;0;0;0;-1;0;-1;-1;0;0;0;-1;0;-1;0;-1;30000000;30000014;0;False;0;-1;h013500;;-1;0;0;0;-1;0;0;0;0;0;1;
m10_00_00_00;c3000_9126;c3000;9126;;<-172.28, 63.86, 150.044>;<0, 156.793, 0>;<1, 1, 1>;3;-1;10000426;0;0;0;0;0;False;0;0;1;0;True;False;False;False;0;False;0;0;0;0;0;0;0;0;0;0;-1;0;0;0;0;0;0;0;0;0;0;0;0;0;0;0;0;0;0;0;0;0;0;0;0;0;0;0;0;0;0;0;0;0;0;0;0;0;0;0;0;0;0;0;0;0;0;0;0;0;0;0;0;0;-1;0;-1;-1;0;0;0;-1;0;-1;0;-1;30000000;30000014;0;False;0;-1;h013500;;-1;0;0;0;-1;0;0;0;0;0;1;
m10_00_00_00;c3010_9000;c3010;9000;;<-261.387, 89.945, 84.153>;<0, -131.617, 0>;<1, 1, 1>;3;-1;10000600;0;0;0;0;0;False;0;0;1;0;True;False;False;False;0;False;0;0;10005311;0;0;0;0;0;0;0;-1;0;0;0;0;0;0;0;0;0;0;0;0;0;0;0;0;0;0;0;0;0;0;0;0;0;0;0;0;0;0;0;0;0;0;0;0;0;0;0;0;0;0;0;0;0;0;0;0;0;0;0;0;0;-1;0;-1;-1;0;0;0;-1;0;-1;0;-1;30102000;30102014;0;False;0;-1;h004500;巡回 監視塔 EVシャフト周り 喪失の騎士;-1;0;0;0;-1;0;103000;0;0;0;1;
m10_00_00_00;c3010_9001;c3010;9001;;<-232.709, 67.106, 80.484>;<0, -71.617, 0>;<1, 1, 1>;3;-1;10000281;0;0;0;0;0;False;0;0;1;0;True;False;False;False;0;False;0;0;0;0;0;0;0;0;0;0;-1;0;0;0;0;0;0;0;0;0;0;0;0;0;0;0;0;0;0;0;0;0;0;0;0;0;0;0;0;0;0;0;0;0;0;0;0;0;0;0;0;0;0;0;0;0;0;0;0;0;0;0;0;0;-1;0;-1;-1;0;0;0;-1;0;-1;0;-1;30100100;30100814;0;False;0;-1;h003300;;-1;0;0;0;-1;0;0;0;0;0;1;
m10_00_00_00;c3010_9004;c3010;9004;;<-245.543, 75.6, 143.608>;<0, 151.937, 0>;<1, 1, 1>;3;-1;1000137;0;0;0;0;0;False;0;0;1;0;True;False;False;False;0;False;0;0;10005680;0;0;0;0;0;0;0;-1;0;0;0;0;0;0;0;0;0;0;0;0;0;0;0;0;0;0;0;0;0;0;0;0;0;0;0;0;0;0;0;0;0;0;0;0;0;0;0;0;0;0;0;0;0;0;0;0;0;0;0;0;0;-1;0;-1;-1;0;0;0;-1;0;-1;0;-1;30100200;30100014;0;False;0;-1;h005600;;-1;0;0;0;-1;0;0;0;0;0;1;
m10_00_00_00;c3010_9007;c3010;9007;;<-198.576, 75.571, 75.384>;<0, 62.351, 0>;<1, 1, 1>;3;-1;10000607;0;0;0;0;0;False;0;0;1;0;True;False;False;False;0;False;0;0;0;0;0;0;0;0;0;0;-1;0;0;0;0;0;0;0;0;0;0;0;0;0;0;0;0;0;0;0;0;0;0;0;0;0;0;0;0;0;0;0;0;0;0;0;0;0;0;0;0;0;0;0;0;0;0;0;0;0;0;0;0;0;-1;0;-1;-1;0;0;0;-1;0;-1;0;-1;30102000;30102014;0;False;0;-1;h006500;walk_route_c3010_9007_30;-1;0;0;0;-1;0;0;0;0;0;1;
m10_00_00_00;c3010_9009;c3010;9009;;<-176.727, 63.845, 139.71>;<0, -158.55, 0>;<1, 1, 1>;0;-1;10000609;0;0;0;0;0;False;0;0;1;0;True;False;False;False;0;False;0;0;0;0;0;0;0;0;0;0;-1;0;0;0;0;0;0;0;0;0;0;0;0;0;0;0;0;0;0;0;0;0;0;0;0;0;0;0;0;0;0;0;0;0;0;0;0;0;0;0;0;0;0;0;0;0;0;0;0;0;0;0;0;0;-1;0;-1;-1;0;0;0;-1;0;-1;0;-1;30102000;30102014;0;False;0;-1;h013500;;-1;0;0;0;-1;0;0;0;0;0;1;
m10_00_00_00;c3010_9010;c3010;9010;;<-170.031, 64.517, 159.645>;<0, 8.253, 0>;<1, 1, 1>;0;-1;10000610;0;0;0;0;0;False;0;0;1;0;True;False;False;False;0;False;0;0;0;0;0;0;0;0;0;0;-1;0;0;0;0;0;0;0;0;0;0;0;0;0;0;0;0;0;0;0;0;0;0;0;0;0;0;0;0;0;0;0;0;0;0;0;0;0;0;0;0;0;0;0;0;0;0;0;0;0;0;0;0;0;-1;0;-1;-1;0;0;0;-1;0;-1;0;-1;30100100;30100114;0;False;0;-1;h013500;;-1;0;0;0;-1;0;0;0;0;0;1;
m10_00_00_00;c3010_9015;c3010;9015;;<-182.432, 82.812, 249.747>;<0, -40.248, 0>;<1, 1, 1>;3;-1;10000615;0;0;0;0;0;False;0;0;1;0;True;False;False;False;0;False;0;0;10005255;0;0;0;0;0;0;0;-1;0;0;0;0;0;0;0;0;0;0;0;0;0;0;0;0;0;0;0;0;0;0;0;0;0;0;0;0;0;0;0;0;0;0;0;0;0;0;0;0;0;0;0;0;0;0;0;0;0;0;0;0;0;-1;0;-1;-1;0;0;0;-1;0;-1;0;-1;30100000;30100114;0;False;0;-1;h010600;;-1;0;0;0;700;0;0;0;0;0;1;
m10_00_00_00;c3010_9016;c3010;9016;;<-193.308, 76.866, 161.594>;<0, -164.46, 0>;<1, 1, 1>;3;-1;10000616;0;0;0;0;0;False;0;0;1;0;True;False;False;False;0;False;0;0;0;0;0;0;0;0;0;0;-1;0;0;0;0;0;0;0;0;0;0;0;0;0;0;0;0;0;0;0;0;0;0;0;0;0;0;0;0;0;0;0;0;0;0;0;0;0;0;0;0;0;0;0;0;0;0;0;0;0;0;0;0;0;-1;0;-1;-1;0;0;0;-1;0;-1;0;-1;30102000;30102014;0;False;0;-1;h013500;;-1;0;0;0;-1;0;0;0;0;0;1;
m10_00_00_00;c3010_9018;c3010;9018;;<-187.358, 73.225, 211.453>;<0, -57.33, 0>;<1, 1, 1>;0;-1;10000731;0;0;0;0;0;False;0;0;1;0;True;False;False;False;0;False;0;0;0;0;0;0;0;0;0;0;-1;0;0;0;0;0;0;0;0;0;0;0;0;0;0;0;0;0;0;0;0;0;0;0;0;0;0;0;0;0;0;0;0;0;0;0;0;0;0;0;0;0;0;0;0;0;0;0;0;0;0;0;0;0;-1;0;-1;-1;0;0;0;-1;0;-1;0;-1;500000000;30100214;0;False;0;-1;h010200;;-1;0;0;0;-1;0;0;0;0;0;1;
m10_00_00_00;c3020_9000;c3020;9000;;<-241.613, 51.455, 83.932>;<0, 141.07, 0>;<1, 1, 1>;0;-1;10000430;0;0;0;0;0;False;0;0;1;0;True;False;False;False;0;False;0;0;0;0;0;0;0;0;0;0;-1;0;0;0;0;0;0;0;0;0;0;0;0;0;0;0;0;0;0;0;0;0;0;0;0;0;0;0;0;0;0;0;0;0;0;0;0;0;0;0;0;0;0;0;0;0;0;0;0;0;0;0;0;0;-1;0;-1;-1;0;0;0;-1;0;-1;0;-1;30200800;30200014;0;False;0;-1;h003100;walk_route_c3020_9000_54;-1;0;0;0;-1;0;0;0;0;0;1;
m10_00_00_00;c3020_9005;c3020;9005;;<-197.657, 76.391, 127.189>;<0, 65.768, 0>;<1, 1, 1>;3;-1;10000435;0;0;0;0;0;False;0;0;1;0;True;False;False;False;0;False;0;0;10005322;0;0;0;0;0;0;0;-1;0;0;0;0;0;0;0;0;0;0;0;0;0;0;0;0;0;0;0;0;0;0;0;0;0;0;0;0;0;0;0;0;0;0;0;0;0;0;0;0;0;0;0;0;0;0;0;0;0;0;0;0;0;-1;0;-1;-1;0;0;0;-1;0;-1;0;-1;30200000;30200014;0;False;0;-1;h006100;walk_route_c3020_9005_51;-1;0;0;0;702;0;101000;0;0;0;1;
m10_00_00_00;c3020_9006;c3020;9006;;<-246.47, 65.785, 118.344>;<0, -38.93, 0>;<1, 1, 1>;3;-1;10000436;0;0;0;0;0;False;0;0;1;0;True;False;False;False;0;False;0;0;0;0;0;0;0;0;0;0;-1;0;0;0;0;0;0;0;0;0;0;0;0;0;0;0;0;0;0;0;0;0;0;0;0;0;0;0;0;0;0;0;0;0;0;0;0;0;0;0;0;0;0;0;0;0;0;0;0;0;0;0;0;0;-1;0;-1;-1;0;0;0;-1;0;-1;0;-1;30200800;30200014;0;False;0;-1;h007500;;-1;0;0;0;0;0;0;0;0;0;1;
m10_00_00_00;c3020_9007;c3020;9007;;<-254.187, 65.801, 117.734>;<0, -108.93, 0>;<1, 1, 1>;3;-1;10000437;0;0;0;0;0;False;0;0;1;0;True;False;False;False;0;False;0;0;0;0;0;0;0;0;0;0;-1;0;0;0;0;0;0;0;0;0;0;0;0;0;0;0;0;0;0;0;0;0;0;0;0;0;0;0;0;0;0;0;0;0;0;0;0;0;0;0;0;0;0;0;0;0;0;0;0;0;0;0;0;0;-1;0;-1;-1;0;0;0;-1;0;-1;0;-1;30200800;30200014;0;False;0;-1;h007500;;-1;0;0;0;0;0;0;0;0;0;1;
m10_00_00_00;c3020_9010;c3020;9010;;<-159.721, 35.783, 111.079>;<0, -10.512, 0>;<1, 1, 1>;0;-1;1000138;0;0;0;0;0;False;0;0;1;0;True;False;False;False;0;False;0;0;0;0;0;0;0;0;0;10005102;-1;0;0;0;0;0;0;0;0;0;0;0;0;0;0;0;0;0;0;0;0;0;0;0;0;0;0;0;0;0;0;0;0;0;0;0;0;0;0;0;0;0;0;0;0;0;0;0;0;0;0;0;0;0;-1;0;-1;-1;0;0;0;-1;0;-1;0;-1;30200000;30200014;0;False;0;-1;h008500;;-1;0;0;0;-1;0;0;0;0;0;1;
m10_00_00_00;c3020_9011;c3020;9011;;<-155.549, 35.773, 83.179>;<0, -10.438, 0>;<1, 1, 1>;0;-1;1000139;0;0;0;0;0;False;0;0;1;0;True;False;False;False;0;False;0;0;0;0;0;0;0;0;0;10005102;-1;0;0;0;0;0;0;0;0;0;0;0;0;0;0;0;0;0;0;0;0;0;0;0;0;0;0;0;0;0;0;0;0;0;0;0;0;0;0;0;0;0;0;0;0;0;0;0;0;0;0;0;0;0;-1;0;-1;-1;0;0;0;-1;0;-1;0;-1;30200000;30200014;0;False;0;-1;h008500;;-1;0;0;0;-1;0;0;0;0;0;1;
m10_00_00_00;c3020_9016;c3020;9016;;<-253.187, 72.669, 166.071>;<0, -144.382, 0>;<1, 1, 1>;3;-1;10000446;0;0;0;0;0;False;0;0;1;0;True;False;False;False;0;False;0;0;10005230;0;0;10005370;0;0;0;10005104;-1;0;0;0;0;0;0;0;0;0;0;0;0;0;0;0;0;0;0;0;0;0;0;0;0;0;0;0;0;0;0;0;0;0;0;0;0;0;0;0;0;0;0;0;0;0;0;0;0;0;0;0;0;0;-1;0;-1;-1;0;0;0;-1;0;-1;0;-1;30200800;30200014;0;False;0;-1;h008000;;-1;0;0;0;-1;0;0;0;0;0;1;
m10_00_00_00;c3020_9017;c3020;9017;;<-166.67, 53.723, 166.218>;<0, -68.082, 0>;<1, 1, 1>;0;-1;1000140;0;0;0;0;0;False;0;0;1;0;True;False;False;False;0;False;0;0;10005230;0;0;10005360;0;0;0;10005104;-1;0;0;0;0;0;0;0;0;0;0;0;0;0;0;0;0;0;0;0;0;0;0;0;0;0;0;0;0;0;0;0;0;0;0;0;0;0;0;0;0;0;0;0;0;0;0;0;0;0;0;0;0;0;-1;0;-1;-1;0;0;0;-1;0;-1;0;-1;30200800;30200014;0;False;0;-1;h008300;;-1;0;0;0;-1;0;0;0;0;0;1;
m10_00_00_00;c3020_9018;c3020;9018;;<-241.453, 77.94, 245.987>;<0, 45.619, 0>;<1, 1, 1>;3;-1;10000448;0;0;0;0;0;False;0;0;1;0;True;False;False;False;0;False;0;0;0;0;0;0;0;0;0;0;-1;0;0;0;0;0;0;0;0;0;0;0;0;0;0;0;0;0;0;0;0;0;0;0;0;0;0;0;0;0;0;0;0;0;0;0;0;0;0;0;0;0;0;0;0;0;0;0;0;0;0;0;0;0;-1;0;-1;-1;0;0;0;-1;0;-1;0;-1;30200900;30200014;0;False;0;-1;h010000;;-1;0;0;0;702;0;0;0;0;0;1;
m10_00_00_00;c3020_9020;c3020;9020;;<-163.099, 64.574, 172.277>;<0, -149.232, 0>;<1, 1, 1>;3;-1;10000450;0;0;0;0;0;False;0;0;1;0;True;False;False;False;0;False;0;0;0;0;0;0;0;0;0;0;-1;0;0;0;0;0;0;0;0;0;0;0;0;0;0;0;0;0;0;0;0;0;0;0;0;0;0;0;0;0;0;0;0;0;0;0;0;0;0;0;0;0;0;0;0;0;0;0;0;0;0;0;0;0;-1;0;-1;-1;0;0;0;-1;0;-1;0;-1;30200800;30200014;0;False;0;-1;h008300;;-1;0;0;0;702;0;0;0;0;0;1;
m10_00_00_00;c3660_9000;c3660;9000;;<-224.914, 51.481, 51.628>;<0, 79.003, 0>;<1, 1, 1>;0;-1;10000200;0;0;0;0;0;False;0;0;1;0;True;False;False;False;0;False;0;0;0;0;0;0;0;0;0;0;-1;0;0;0;0;0;0;0;0;0;0;0;0;0;0;0;0;0;0;0;0;0;0;0;0;0;0;0;0;0;0;0;0;0;0;0;0;0;0;0;0;0;0;0;0;0;0;0;0;0;0;0;0;0;-1;0;-1;-1;0;0;0;-1;0;-1;0;-1;36600000;36600014;0;False;0;-1;h003100;;-1;0;0;0;701;0;0;0;0;0;1;
m10_00_00_00;c3660_9001;c3660;9001;;<-265.675, 79.089, 122.853>;<0, 152.134, 0>;<1, 1, 1>;0;-1;1000141;0;0;0;0;0;False;0;0;1;0;True;False;False;False;0;False;0;0;0;0;0;0;0;0;0;0;-1;0;0;0;0;0;0;0;0;0;0;0;0;0;0;0;0;0;0;0;0;0;0;0;0;0;0;0;0;0;0;0;0;0;0;0;0;0;0;0;0;0;0;0;0;0;0;0;0;0;0;0;0;0;-1;0;-1;-1;0;0;0;-1;0;-1;0;-1;36600000;36600014;0;False;0;-1;h003500;;-1;0;0;0;700;0;0;0;0;0;1;
m10_00_00_00;c3660_9002;c3660;9002;;<-224.58, 51.476, 50.136>;<0, 18.084, 0>;<1, 1, 1>;0;-1;10000202;0;0;0;0;0;False;0;0;1;0;True;False;False;False;0;False;0;0;0;0;0;0;0;0;0;0;-1;0;0;0;0;0;0;0;0;0;0;0;0;0;0;0;0;0;0;0;0;0;0;0;0;0;0;0;0;0;0;0;0;0;0;0;0;0;0;0;0;0;0;0;0;0;0;0;0;0;0;0;0;0;-1;0;-1;-1;0;0;0;-1;0;-1;0;-1;36600000;36600014;0;False;0;-1;h003100;;-1;0;0;0;701;0;0;0;0;0;1;
m10_00_00_00;c3660_9003;c3660;9003;;<-241.66, 73.564, 74.639>;<0, -14.691, 0>;<1, 1, 1>;0;-1;10000203;0;0;0;0;0;False;0;0;1;0;True;False;False;False;0;False;0;0;0;0;0;0;0;0;0;0;-1;0;0;0;0;0;0;0;0;0;0;0;0;0;0;0;0;0;0;0;0;0;0;0;0;0;0;0;0;0;0;0;0;0;0;0;0;0;0;0;0;0;0;0;0;0;0;0;0;0;0;0;0;0;-1;0;-1;-1;0;0;0;-1;0;-1;0;-1;36600000;36600014;0;False;0;-1;h003500;;-1;0;0;0;700;0;0;0;0;0;1;
m10_00_00_00;c3660_9004;c3660;9004;;<-241.26, 59.344, 79.427>;<0, -21.775, 0>;<1, 1, 1>;0;-1;10000204;0;0;0;0;0;False;0;0;1;0;True;False;False;False;0;False;0;0;0;0;0;0;0;0;0;0;-1;0;0;0;0;0;0;0;0;0;0;0;0;0;0;0;0;0;0;0;0;0;0;0;0;0;0;0;0;0;0;0;0;0;0;0;0;0;0;0;0;0;0;0;0;0;0;0;0;0;0;0;0;0;-1;0;-1;-1;0;0;0;-1;0;-1;0;-1;36600040;36600114;0;False;0;-1;h003100;;-1;0;0;0;-1;0;103020;36600030;0;0;1;
m10_00_00_00;c3660_9005;c3660;9005;;<-233.118, 73.9, 67.433>;<0, 122.327, 0>;<1, 1, 1>;0;-1;10000205;0;0;0;0;0;False;0;0;1;0;True;False;False;False;0;False;0;0;0;0;0;0;0;0;0;0;-1;0;0;0;0;0;0;0;0;0;0;0;0;0;0;0;0;0;0;0;0;0;0;0;0;0;0;0;0;0;0;0;0;0;0;0;0;0;0;0;0;0;0;0;0;0;0;0;0;0;0;0;0;0;-1;0;-1;-1;0;0;0;-1;0;-1;0;-1;36600000;36600114;0;False;0;-1;h003500;;-1;0;0;0;701;0;0;36600030;0;0;1;
m10_00_00_00;c3660_9006;c3660;9006;;<-244.929, 61.378, 73.21>;<0, -65.4, 0>;<1, 1, 1>;0;-1;10000206;0;0;0;0;0;False;0;0;1;0;True;False;False;False;0;False;0;0;0;0;0;0;0;0;0;0;-1;0;0;0;0;0;0;0;0;0;0;0;0;0;0;0;0;0;0;0;0;0;0;0;0;0;0;0;0;0;0;0;0;0;0;0;0;0;0;0;0;0;0;0;0;0;0;0;0;0;0;0;0;0;-1;0;-1;-1;0;0;0;-1;0;-1;0;-1;36600040;36600114;0;False;0;-1;h003100;;-1;0;0;0;-1;0;103020;36600030;0;0;1;
m10_00_00_00;c3660_9007;c3660;9007;;<-231.087, 63.566, 46.154>;<0, 152.62, 0>;<1, 1, 1>;0;-1;10000207;0;0;0;0;0;False;0;0;1;0;True;False;False;False;0;False;0;0;0;0;0;0;0;0;0;0;-1;0;0;0;0;0;0;0;0;0;0;0;0;0;0;0;0;0;0;0;0;0;0;0;0;0;0;0;0;0;0;0;0;0;0;0;0;0;0;0;0;0;0;0;0;0;0;0;0;0;0;0;0;0;-1;0;-1;-1;0;0;0;-1;0;-1;0;-1;36600040;36600114;0;False;0;-1;h003100;;-1;0;0;0;-1;0;103020;36600030;0;0;1;
m10_00_00_00;c3660_9008;c3660;9008;;<-253.955, 73.704, 99.34>;<0, -133.084, 0>;<1, 1, 1>;3;-1;10000208;0;0;0;0;0;False;0;0;1;0;True;False;False;False;0;False;0;0;0;0;0;0;0;0;0;0;-1;0;0;0;0;0;0;0;0;0;0;0;0;0;0;0;0;0;0;0;0;0;0;0;0;0;0;0;0;0;0;0;0;0;0;0;0;0;0;0;0;0;0;0;0;0;0;0;0;0;0;0;0;0;-1;0;-1;-1;0;0;0;-1;0;-1;0;-1;36600040;36600014;0;False;0;-1;h003500;;-1;0;0;0;-1;0;36600070;0;0;0;1;
m10_00_00_00;c3660_9009;c3660;9009;;<-233.756, 67.14, 66.503>;<-0.966, -26.241, -0>;<1, 1, 1>;0;-1;10000209;0;0;0;0;0;False;0;0;1;0;True;False;False;False;0;False;0;0;0;0;0;0;0;0;0;0;-1;0;0;0;0;0;0;0;0;0;0;0;0;0;0;0;0;0;0;0;0;0;0;0;0;0;0;0;0;0;0;0;0;0;0;0;0;0;0;0;0;0;0;0;0;0;0;0;0;0;0;0;0;0;-1;0;-1;-1;0;0;0;-1;0;-1;0;-1;36600040;36600114;0;False;0;-1;h003100;;-1;0;0;0;700;0;0;36600030;0;0;1;
m10_00_00_00;c3660_9023;c3660;9023;;<-273.79, 77.741, 220.416>;<0, -85.997, 0>;<1, 1, 1>;3;-1;10000223;0;0;0;0;0;False;0;0;1;0;True;False;False;False;0;False;0;0;0;0;0;0;0;0;0;0;-1;0;0;0;0;0;0;0;0;0;0;0;0;0;0;0;0;0;0;0;0;0;0;0;0;0;0;0;0;0;0;0;0;0;0;0;0;0;0;0;0;0;0;0;0;0;0;0;0;0;0;0;0;0;-1;0;-1;-1;0;0;0;-1;0;-1;0;-1;36600000;36600014;0;False;0;-1;h005900;;-1;0;0;0;-1;0;0;0;0;0;1;
m10_00_00_00;c3660_9026;c3660;9026;;<-271.759, 77.643, 223.055>;<0, -0.997, 0>;<1, 1, 1>;3;-1;10000226;0;0;0;0;0;False;0;0;1;0;True;False;False;False;0;False;0;0;0;0;0;0;0;0;0;0;-1;0;0;0;0;0;0;0;0;0;0;0;0;0;0;0;0;0;0;0;0;0;0;0;0;0;0;0;0;0;0;0;0;0;0;0;0;0;0;0;0;0;0;0;0;0;0;0;0;0;0;0;0;0;-1;0;-1;-1;0;0;0;-1;0;-1;0;-1;36600000;36600014;0;False;0;-1;h005900;;-1;0;0;0;-1;0;0;0;0;0;1;
m10_00_00_00;c3660_9040;c3660;9040;;<-188.8, 67.586, 93.232>;<0, 101.714, 0>;<1, 1, 1>;3;-1;10000240;0;0;0;0;0;False;0;0;1;0;True;False;False;False;0;False;0;0;10005240;0;0;0;0;0;0;0;-1;0;0;0;0;0;0;0;0;0;0;0;0;0;0;0;0;0;0;0;0;0;0;0;0;0;0;0;0;0;0;0;0;0;0;0;0;0;0;0;0;0;0;0;0;0;0;0;0;0;0;0;0;0;-1;0;-1;-1;0;0;0;-1;0;-1;0;-1;36600000;36600014;0;False;0;-1;h006600;;-1;0;0;0;-1;0;0;0;0;0;1;
m10_00_00_00;c3660_9041;c3660;9041;;<-191.129, 67.585, 96.448>;<0, 14.316, 0>;<1, 1, 1>;3;-1;10000241;0;0;0;0;0;False;0;0;1;0;True;False;False;False;0;False;0;0;10005240;0;0;0;0;0;0;0;-1;0;0;0;0;0;0;0;0;0;0;0;0;0;0;0;0;0;0;0;0;0;0;0;0;0;0;0;0;0;0;0;0;0;0;0;0;0;0;0;0;0;0;0;0;0;0;0;0;0;0;0;0;0;-1;0;-1;-1;0;0;0;-1;0;-1;0;-1;36600000;36600014;0;False;0;-1;h006600;;-1;0;0;0;-1;0;0;0;0;0;1;
m10_00_00_00;c3660_9042;c3660;9042;;<-190.212, 67.585, 95.385>;<0, 62.245, 0>;<1, 1, 1>;3;-1;10000242;0;0;0;0;0;False;0;0;1;0;True;False;False;False;0;False;0;0;10005240;0;0;0;0;0;0;0;-1;0;0;0;0;0;0;0;0;0;0;0;0;0;0;0;0;0;0;0;0;0;0;0;0;0;0;0;0;0;0;0;0;0;0;0;0;0;0;0;0;0;0;0;0;0;0;0;0;0;0;0;0;0;-1;0;-1;-1;0;0;0;-1;0;-1;0;-1;36600000;36600014;0;False;0;-1;h006600;;-1;0;0;0;-1;0;0;0;0;0;1;
m10_00_00_00;c3660_9043;c3660;9043;;<-219.888, 71.978, 153.579>;<0, -113.471, 0>;<1, 1, 1>;3;-1;10000243;0;0;0;0;0;False;0;0;1;0;True;False;False;False;0;False;0;0;0;0;0;0;0;0;0;0;-1;0;0;0;0;0;0;0;0;0;0;0;0;0;0;0;0;0;0;0;0;0;0;0;0;0;0;0;0;0;0;0;0;0;0;0;0;0;0;0;0;0;0;0;0;0;0;0;0;0;0;0;0;0;-1;0;-1;-1;0;0;0;-1;0;-1;0;-1;36600000;36600014;0;False;0;-1;h007800;;-1;0;0;0;-1;0;0;0;0;0;1;
m10_00_00_00;c3660_9060;c3660;9060;;<-296.112, 89.666, 272.034>;<0, 171.477, 0>;<1, 1, 1>;3;-1;10000260;0;0;0;0;0;False;0;0;1;0;True;False;False;False;0;False;0;0;0;0;0;0;0;0;0;0;-1;0;0;0;0;0;0;0;0;0;0;0;0;0;0;0;0;0;0;0;0;0;0;0;0;0;0;0;0;0;0;0;0;0;0;0;0;0;0;0;0;0;0;0;0;0;0;0;0;0;0;0;0;0;-1;0;-1;-1;0;0;0;-1;0;-1;0;-1;36600000;36600014;0;False;0;-1;h011500;;-1;0;0;0;701;0;0;0;0;0;1;
m10_00_00_00;c3660_9061;c3660;9061;;<-295.453, 89.666, 274.372>;<0, 43.999, 0>;<1, 1, 1>;3;-1;10000261;0;0;0;0;0;False;0;0;1;0;True;False;False;False;0;False;0;0;0;0;0;0;0;0;0;0;-1;0;0;0;0;0;0;0;0;0;0;0;0;0;0;0;0;0;0;0;0;0;0;0;0;0;0;0;0;0;0;0;0;0;0;0;0;0;0;0;0;0;0;0;0;0;0;0;0;0;0;0;0;0;-1;0;-1;-1;0;0;0;-1;0;-1;0;-1;36600000;36600014;0;False;0;-1;h011500;;-1;0;0;0;700;0;0;0;0;0;1;
m10_00_00_00;c3660_9062;c3660;9062;;<-278.645, 96.925, 260.26>;<0, 174.014, 0>;<1, 1, 1>;3;-1;10000262;0;0;0;0;0;False;0;0;1;0;True;False;False;False;0;False;0;0;0;0;0;0;0;0;0;0;-1;0;0;0;0;0;0;0;0;0;0;0;0;0;0;0;0;0;0;0;0;0;0;0;0;0;0;0;0;0;0;0;0;0;0;0;0;0;0;0;0;0;0;0;0;0;0;0;0;0;0;0;0;0;-1;0;-1;-1;0;0;0;-1;0;-1;0;-1;36600000;36600014;0;False;0;-1;h011500;;-1;0;0;0;701;0;36600030;0;0;0;1;
m10_00_00_00;c3660_9063;c3660;9063;;<-286.177, 93.116, 261.45>;<0, 132.742, 0>;<1, 1, 1>;3;-1;10000263;0;0;0;0;0;False;0;0;1;0;True;False;False;False;0;False;0;0;0;0;0;0;0;0;0;0;-1;0;0;0;0;0;0;0;0;0;0;0;0;0;0;0;0;0;0;0;0;0;0;0;0;0;0;0;0;0;0;0;0;0;0;0;0;0;0;0;0;0;0;0;0;0;0;0;0;0;0;0;0;0;-1;0;-1;-1;0;0;0;-1;0;-1;0;-1;36600000;36600014;0;False;0;-1;h011500;;-1;0;0;0;700;0;36600030;0;0;0;1;
m10_00_00_00;c3660_9064;c3660;9064;;<-291.716, 89.666, 260.932>;<0, 134.002, 0>;<1, 1, 1>;3;-1;10000264;0;0;0;0;0;False;0;0;1;0;True;False;False;False;0;False;0;0;0;0;0;0;0;0;0;0;-1;0;0;0;0;0;0;0;0;0;0;0;0;0;0;0;0;0;0;0;0;0;0;0;0;0;0;0;0;0;0;0;0;0;0;0;0;0;0;0;0;0;0;0;0;0;0;0;0;0;0;0;0;0;-1;0;-1;-1;0;0;0;-1;0;-1;0;-1;36600000;36600014;0;False;0;-1;h011500;;-1;0;0;0;701;0;36600030;0;0;0;1;
m10_00_00_00;c3660_9065;c3660;9065;;<-286.738, 93.116, 260.07>;<0, 99.344, 0>;<1, 1, 1>;3;-1;10000265;0;0;0;0;0;False;0;0;1;0;True;False;False;False;0;False;0;0;0;0;0;0;0;0;0;0;-1;0;0;0;0;0;0;0;0;0;0;0;0;0;0;0;0;0;0;0;0;0;0;0;0;0;0;0;0;0;0;0;0;0;0;0;0;0;0;0;0;0;0;0;0;0;0;0;0;0;0;0;0;0;-1;0;-1;-1;0;0;0;-1;0;-1;0;-1;36600000;36600014;0;False;0;-1;h011500;;-1;0;0;0;700;0;36600030;0;0;0;1;
m10_00_00_00;c3660_9066;c3660;9066;;<-289.755, 93.116, 258.784>;<0, 132.593, 0>;<1, 1, 1>;3;-1;10000266;0;0;0;0;0;False;0;0;1;0;True;False;False;False;0;False;0;0;0;0;0;0;0;0;0;0;-1;0;0;0;0;0;0;0;0;0;0;0;0;0;0;0;0;0;0;0;0;0;0;0;0;0;0;0;0;0;0;0;0;0;0;0;0;0;0;0;0;0;0;0;0;0;0;0;0;0;0;0;0;0;-1;0;-1;-1;0;0;0;-1;0;-1;0;-1;36600000;36600014;0;False;0;-1;h011500;;-1;0;0;0;700;0;36600030;0;0;0;1;
m10_00_00_00;c3660_9067;c3660;9067;;<-279.234, 96.874, 268.415>;<0, 103.997, 0>;<1, 1, 1>;3;-1;10000267;0;0;0;0;0;False;0;0;1;0;True;False;False;False;0;False;0;0;0;0;0;0;0;0;0;0;-1;0;0;0;0;0;0;0;0;0;0;0;0;0;0;0;0;0;0;0;0;0;0;0;0;0;0;0;0;0;0;0;0;0;0;0;0;0;0;0;0;0;0;0;0;0;0;0;0;0;0;0;0;0;-1;0;-1;-1;0;0;0;-1;0;-1;0;-1;36600000;36600014;0;False;0;-1;h011500;;-1;0;0;0;701;0;36600030;0;0;0;1;
m10_00_00_00;c3660_9068;c3660;9068;;<-288.304, 89.666, 272.473>;<0, 99.003, 0>;<1, 1, 1>;3;-1;10000268;0;0;0;0;0;False;0;0;1;0;True;False;False;False;0;False;0;0;0;0;0;0;0;0;0;0;-1;0;0;0;0;0;0;0;0;0;0;0;0;0;0;0;0;0;0;0;0;0;0;0;0;0;0;0;0;0;0;0;0;0;0;0;0;0;0;0;0;0;0;0;0;0;0;0;0;0;0;0;0;0;-1;0;-1;-1;0;0;0;-1;0;-1;0;-1;36600000;36600014;0;False;0;-1;h011500;;-1;0;0;0;700;0;36600030;0;0;0;1;
m10_00_00_00;c3660_9069;c3660;9069;;<-290.544, 89.666, 263.305>;<0, 134.003, 0>;<1, 1, 1>;3;-1;10000269;0;0;0;0;0;False;0;0;1;0;True;False;False;False;0;False;0;0;0;0;0;0;0;0;0;0;-1;0;0;0;0;0;0;0;0;0;0;0;0;0;0;0;0;0;0;0;0;0;0;0;0;0;0;0;0;0;0;0;0;0;0;0;0;0;0;0;0;0;0;0;0;0;0;0;0;0;0;0;0;0;-1;0;-1;-1;0;0;0;-1;0;-1;0;-1;36600000;36600014;0;False;0;-1;h011500;;-1;0;0;0;701;0;36600030;0;0;0;1;
m10_00_00_00;c3660_9080;c3660;9080;;<-296.363, 64.265, 425.75>;<0, 143.41, 0>;<1, 1, 1>;0;-1;10000735;0;0;0;0;0;False;0;0;1;0;True;False;False;False;0;False;0;0;0;0;0;0;0;0;0;0;-1;0;0;0;0;0;0;0;0;0;0;0;0;0;0;0;0;0;0;0;0;0;0;0;0;0;0;0;0;0;0;0;0;0;0;0;0;0;0;0;0;0;0;0;0;0;0;0;0;0;0;0;0;0;-1;0;-1;-1;0;0;0;-1;0;-1;0;-1;500000000;36609114;700221000;False;0;-1;h014500;;-1;0;0;0;-1;0;0;0;0;0;1;
m10_00_00_00;c3665_9001;c3665;9001;;<-122.16, 21.607, 16.772>;<0, -57.33, 0>;<1, 1, 1>;0;-1;10000700;0;0;0;0;0;False;0;0;1;0;True;False;False;False;0;False;0;0;0;0;0;0;0;0;0;0;-1;0;0;0;0;0;0;0;0;0;0;0;0;0;0;0;0;0;0;0;0;0;0;0;0;0;0;0;0;0;0;0;0;0;0;0;0;0;0;0;0;0;0;0;0;0;0;0;0;0;0;0;0;0;-1;0;-1;-1;0;0;0;-1;0;-1;0;-1;36650000;36650014;302001000;False;0;-1;h001500;;-1;0;0;0;-1;0;0;0;0;0;1;
m10_00_00_00;c3665_9002;c3665;9002;;<-189.484, 37.364, -30.265>;<0, 149.05, 0>;<1, 1, 1>;0;-1;10000701;0;0;0;0;0;False;0;0;1;0;True;False;False;False;0;False;0;0;0;0;0;0;0;0;0;0;-1;0;0;0;0;0;0;0;0;0;0;0;0;0;0;0;0;0;0;0;0;0;0;0;0;0;0;0;0;0;0;0;0;0;0;0;0;0;0;0;0;0;0;0;0;0;0;0;0;0;0;0;0;0;-1;0;-1;-1;0;0;0;-1;0;-1;0;-1;36650000;36650114;302011000;False;0;-1;h002600;;-1;0;0;0;-1;0;0;0;0;0;1;
m10_00_00_00;c3665_9003;c3665;9003;;<-242.167, 51.47, 66.505>;<0, -163.399, 0>;<1, 1, 1>;0;-1;10000702;0;0;0;0;0;False;0;0;1;0;True;False;False;False;0;False;0;0;0;0;0;0;0;0;0;0;-1;0;0;0;0;0;0;0;0;0;0;0;0;0;0;0;0;0;0;0;0;0;0;0;0;0;0;0;0;0;0;0;0;0;0;0;0;0;0;0;0;0;0;0;0;0;0;0;0;0;0;0;0;0;-1;0;-1;-1;0;0;0;-1;0;-1;0;-1;36650000;36650214;302021000;False;0;-1;h003100;;-1;0;0;0;-1;0;0;0;0;0;1;
m10_00_00_00;c3665_9004;c3665;9004;;<-275.683, 98.474, 82.538>;<0, -42.075, 0>;<1, 1, 1>;3;-1;10000703;0;0;0;0;0;False;0;0;1;0;True;False;False;False;0;False;0;0;0;0;0;0;0;0;0;0;-1;0;0;0;0;0;0;0;0;0;0;0;0;0;0;0;0;0;0;0;0;0;0;0;0;0;0;0;0;0;0;0;0;0;0;0;0;0;0;0;0;0;0;0;0;0;0;0;0;0;0;0;0;0;-1;0;-1;-1;0;0;0;-1;0;-1;0;-1;36650000;36650314;302031000;False;0;-1;h004500;;-1;0;0;0;-1;0;0;0;0;0;1;
m10_00_00_00;c3665_9005;c3665;9005;;<-272.094, 89.7, 173.335>;<0, -39, 0>;<1, 1, 1>;3;-1;10000704;0;0;0;0;0;False;0;0;1;0;True;False;False;False;0;False;0;0;0;0;0;0;0;0;0;0;-1;0;0;0;0;0;0;0;0;0;0;0;0;0;0;0;0;0;0;0;0;0;0;0;0;0;0;0;0;0;0;0;0;0;0;0;0;0;0;0;0;0;0;0;0;0;0;0;0;0;0;0;0;0;-1;0;-1;-1;0;0;0;-1;0;-1;0;-1;36650000;36650414;302041000;False;0;-1;h005400;;-1;0;0;0;-1;0;0;0;0;0;1;
m10_00_00_00;c3665_9006;c3665;9006;;<-252.48, 73.707, 366.68>;<0, -120.439, 0>;<1, 1, 1>;3;-1;10000706;0;0;0;0;0;False;0;0;1;0;True;False;False;False;0;False;0;0;0;0;0;0;0;0;0;0;-1;0;0;0;0;0;0;0;0;0;0;0;0;0;0;0;0;0;0;0;0;0;0;0;0;0;0;0;0;0;0;0;0;0;0;0;0;0;0;0;0;0;0;0;0;0;0;0;0;0;0;0;0;0;-1;0;-1;-1;0;0;0;-1;0;-1;0;-1;36650000;36650514;302051000;False;0;-1;h014000;;-1;0;0;0;-1;0;0;0;0;0;1;
m10_00_00_00;c3665_9007;c3665;9007;;<-294.161, 81.201, 408.32>;<0, -117.85, 0>;<1, 1, 1>;0;-1;10000707;0;0;0;0;0;False;0;0;1;0;True;False;False;False;0;False;0;0;0;0;0;0;0;0;0;0;-1;0;0;0;0;0;0;0;0;0;0;0;0;0;0;0;0;0;0;0;0;0;0;0;0;0;0;0;0;0;0;0;0;0;0;0;0;0;0;0;0;0;0;0;0;0;0;0;0;0;0;0;0;0;-1;0;-1;-1;0;0;0;-1;0;-1;0;-1;36650000;36650614;302061000;False;0;-1;h014300;;-1;0;0;0;-1;0;0;0;0;0;1;
m10_00_00_00;c4080_9000;c4080;9000;;<-286.43, 23.45, 214.7>;<0, -18.466, 0>;<1, 1, 1>;3;-1;1000142;0;0;0;0;0;False;0;0;1;0;True;False;False;False;0;False;0;0;0;0;0;0;0;0;0;0;-1;0;0;0;0;0;0;0;0;0;0;0;0;0;0;0;0;0;0;0;0;0;0;0;0;0;0;0;0;0;0;0;0;0;0;0;0;0;0;0;0;0;0;0;0;0;0;0;0;0;0;0;0;0;-1;0;-1;-1;0;0;0;-1;0;-1;0;-1;40800000;40800014;0;False;0;-1;h012200;【自由巡回】;-1;0;0;0;-1;0;0;0;0;0;1;
m10_00_00_00;c4080_9001;c4080;9001;;<-282.107, 23.919, 215.378>;<-30.001, 148.405, -0.415>;<1, 1, 1>;3;-1;1000143;0;0;0;0;0;False;0;0;1;0;True;False;False;False;0;False;0;0;0;0;0;0;0;0;0;0;-1;0;0;0;0;0;0;0;0;0;0;0;0;0;0;0;0;0;0;0;0;0;0;0;0;0;0;0;0;0;0;0;0;0;0;0;0;0;0;0;0;0;0;0;0;0;0;0;0;0;0;0;0;0;-1;0;-1;-1;0;0;0;-1;0;-1;0;-1;40800000;40800014;0;False;0;-1;h012200;【自由巡回】;-1;0;0;0;-1;0;0;0;0;0;1;
m10_00_00_00;c4080_9002;c4080;9002;;<-288.401, 23.388, 207.565>;<0, -46.032, 0>;<1, 1, 1>;3;-1;1000144;0;0;0;0;0;False;0;0;1;0;True;False;False;False;0;False;0;0;0;0;0;0;0;0;0;0;-1;0;0;0;0;0;0;0;0;0;0;0;0;0;0;0;0;0;0;0;0;0;0;0;0;0;0;0;0;0;0;0;0;0;0;0;0;0;0;0;0;0;0;0;0;0;0;0;0;0;0;0;0;0;-1;0;-1;-1;0;0;0;-1;0;-1;0;-1;40800000;40800014;0;False;0;-1;h012400;【自由巡回】;-1;0;0;0;-1;0;0;0;0;0;1;
m10_00_00_00;c4080_9010;c4080;9010;;<-250.19, 70.336, 117.55>;<0, -145.465, -0>;<1, 1, 1>;3;-1;1000145;0;0;0;0;0;False;0;0;1;0;True;False;False;False;0;False;0;0;0;0;0;0;0;0;0;0;-1;0;0;0;0;0;0;0;0;0;0;0;0;0;0;0;0;0;0;0;0;0;0;0;0;0;0;0;0;0;0;0;0;0;0;0;0;0;0;0;0;0;0;0;0;0;0;0;0;0;0;0;0;0;-1;0;-1;-1;0;0;0;-1;0;-1;0;-1;40800000;40800014;0;False;0;-1;h007600;【自由巡回】;-1;0;0;0;-1;0;0;0;0;0;1;
m10_00_00_00;c4080_9011;c4080;9011;;<-247.909, 70.337, 113.503>;<0, -80.465, 0>;<1, 1, 1>;3;-1;1000146;0;0;0;0;0;False;0;0;1;0;True;False;False;False;0;False;0;0;0;0;0;0;0;0;0;0;-1;0;0;0;0;0;0;0;0;0;0;0;0;0;0;0;0;0;0;0;0;0;0;0;0;0;0;0;0;0;0;0;0;0;0;0;0;0;0;0;0;0;0;0;0;0;0;0;0;0;0;0;0;0;-1;0;-1;-1;0;0;0;-1;0;-1;0;-1;40800000;40800014;0;False;0;-1;h007600;【自由巡回】;-1;0;0;0;-1;0;0;0;0;0;1;
m10_00_00_00;c4080_9012;c4080;9012;;<-216.506, 56.403, 110.209>;<0, -33.958, 0>;<1, 1, 1>;3;-1;1000147;0;0;0;0;0;False;0;0;1;0;True;False;False;False;0;False;0;0;0;0;0;0;0;0;0;0;-1;0;0;0;0;0;0;0;0;0;0;0;0;0;0;0;0;0;0;0;0;0;0;0;0;0;0;0;0;0;0;0;0;0;0;0;0;0;0;0;0;0;0;0;0;0;0;0;0;0;0;0;0;0;-1;0;-1;-1;0;0;0;-1;0;-1;0;-1;40800000;40800014;0;False;0;-1;h009100;;-1;0;0;0;-1;0;0;0;0;0;1;
m10_00_00_00;c4080_9013;c4080;9013;;<-218.622, 56.403, 109.603>;<-0, 138.427, 0>;<1, 1, 1>;3;-1;1000148;0;0;0;0;0;False;0;0;1;0;True;False;False;False;0;False;0;0;0;0;0;0;0;0;0;0;-1;0;0;0;0;0;0;0;0;0;0;0;0;0;0;0;0;0;0;0;0;0;0;0;0;0;0;0;0;0;0;0;0;0;0;0;0;0;0;0;0;0;0;0;0;0;0;0;0;0;0;0;0;0;-1;0;-1;-1;0;0;0;-1;0;-1;0;-1;40800000;40800014;0;False;0;-1;h009100;;-1;0;0;0;-1;0;0;0;0;0;1;
m10_00_00_00;c4080_9014;c4080;9014;;<-220.443, 56.404, 114.103>;<-0, 119.659, -0>;<1, 1, 1>;3;-1;1000149;0;0;0;0;0;False;0;0;1;0;True;False;False;False;0;False;0;0;0;0;0;0;0;0;0;0;-1;0;0;0;0;0;0;0;0;0;0;0;0;0;0;0;0;0;0;0;0;0;0;0;0;0;0;0;0;0;0;0;0;0;0;0;0;0;0;0;0;0;0;0;0;0;0;0;0;0;0;0;0;0;-1;0;-1;-1;0;0;0;-1;0;-1;0;-1;40800000;40800014;0;False;0;-1;h009100;;-1;0;0;0;-1;0;0;0;0;0;1;
m10_00_00_00;c4080_9015;c4080;9015;;<-221.837, 56.405, 112.882>;<-0, 142.573, -0>;<1, 1, 1>;3;-1;1000150;0;0;0;0;0;False;0;0;1;0;True;False;False;False;0;False;0;0;0;0;0;0;0;0;0;0;-1;0;0;0;0;0;0;0;0;0;0;0;0;0;0;0;0;0;0;0;0;0;0;0;0;0;0;0;0;0;0;0;0;0;0;0;0;0;0;0;0;0;0;0;0;0;0;0;0;0;0;0;0;0;-1;0;-1;-1;0;0;0;-1;0;-1;0;-1;40800000;40800014;0;False;0;-1;h009100;;-1;0;0;0;-1;0;0;0;0;0;1;
m10_00_00_00;c4090_9000;c4090;9000;;<-286.432, 23.597, 193.75>;<-0.509, 153.367, -4.286>;<1, 1, 1>;3;-1;10000630;0;0;0;0;0;False;0;0;1;0;True;False;False;False;0;False;0;0;0;0;0;0;0;0;0;0;-1;0;0;0;0;0;0;0;0;0;0;0;0;0;0;0;0;0;0;0;0;0;0;0;0;0;0;0;0;0;0;0;0;0;0;0;0;0;0;0;0;0;0;0;0;0;0;0;0;0;0;0;0;0;-1;0;-1;-1;0;0;0;-1;0;-1;0;-1;40900000;40900014;0;False;0;-1;h012400;walk_route_c4090_9000_48;-1;0;0;0;-1;0;101000;0;0;0;1;
m10_00_00_00;c4160_9000;c4160;9000;;<-201.954, 67.633, 100.016>;<-0.744, 120.655, -2.497>;<1, 1, 1>;3;-1;10000550;0;0;0;0;0;False;0;0;1;0;True;False;False;False;0;False;0;0;0;0;0;0;0;0;0;0;-1;0;0;0;0;0;0;0;0;0;0;0;0;0;0;0;0;0;0;0;0;0;0;0;0;0;0;0;0;0;0;0;0;0;0;0;0;0;0;0;0;0;0;0;0;0;0;0;0;0;0;0;0;0;-1;0;-1;-1;0;0;0;-1;0;-1;0;-1;41600000;41600014;0;False;0;-1;h006900;;-1;0;0;0;700;0;0;0;0;0;1;
m10_00_00_00;c4160_9002;c4160;9002;;<-245.735, 67.774, 217.392>;<0, -169.345, 0>;<1, 1, 1>;3;-1;10000552;0;0;0;0;0;False;0;0;1;0;True;False;False;False;0;False;0;0;0;0;0;0;0;0;0;0;-1;0;0;0;0;0;0;0;0;0;0;0;0;0;0;0;0;0;0;0;0;0;0;0;0;0;0;0;0;0;0;0;0;0;0;0;0;0;0;0;0;0;0;0;0;0;0;0;0;0;0;0;0;0;-1;0;-1;-1;0;0;0;-1;0;-1;0;-1;41600000;41600014;0;False;0;-1;h008000;;-1;0;0;0;701;0;0;0;0;0;1;
m10_00_00_00;c4161_9000;c4161;9000;;<-203.784, 67.695, 93.998>;<1.378, -2.906, -0.645>;<1, 1, 1>;3;-1;10000555;0;0;0;0;0;False;0;0;1;0;True;False;False;False;0;False;0;0;0;0;0;0;0;0;0;0;-1;0;0;0;0;0;0;0;0;0;0;0;0;0;0;0;0;0;0;0;0;0;0;0;0;0;0;0;0;0;0;0;0;0;0;0;0;0;0;0;0;0;0;0;0;0;0;0;0;0;0;0;0;0;-1;0;-1;-1;0;0;0;-1;0;-1;0;-1;41610000;41610014;0;False;0;-1;h006900;;-1;0;0;0;700;0;0;0;0;0;1;
m10_00_00_00;c4191_9000;c4191;9000;;<-306.412, -26.704, 168.567>;<1.475, -43.015, 2.865>;<1, 1, 1>;3;-1;10000495;0;0;0;0;0;False;0;0;1;0;True;False;False;False;0;False;0;0;0;0;0;0;0;0;0;0;-1;0;0;0;0;0;0;0;0;0;0;0;0;0;0;0;0;0;0;0;0;0;0;0;0;0;0;0;0;0;0;0;0;0;0;0;0;0;0;0;0;0;0;0;0;0;0;0;0;0;0;0;0;0;-1;0;-1;-1;0;0;0;-1;0;-1;0;-1;41910000;41912014;0;False;0;-1;h015300;;-1;0;0;0;-1;0;0;0;0;0;1;
m10_00_00_00;c4191_9001;c4191;9001;;<-228.509, 83.191, 281.153>;<-0.271, 51.137, -1.018>;<1, 1, 1>;3;-1;10000496;0;0;0;0;0;False;0;0;1;0;True;False;False;False;0;False;0;0;0;0;0;0;0;0;0;0;-1;0;0;0;0;0;0;0;0;0;0;0;0;0;0;0;0;0;0;0;0;0;0;0;0;0;0;0;0;0;0;0;0;0;0;0;0;0;0;0;0;0;0;0;0;0;0;0;0;0;0;0;0;0;-1;0;-1;-1;0;0;0;-1;0;-1;0;-1;41910000;41912014;0;False;0;-1;h010500;;-1;0;0;0;-1;0;0;0;0;0;1;
m10_00_00_00;c4191_9002;c4191;9002;;<-285.658, 23.75, 182.509>;<8.324, -95.559, -12.024>;<1, 1, 1>;3;-1;10000497;0;0;0;0;0;False;0;0;1;0;True;False;False;False;0;False;0;0;0;0;0;0;0;0;0;0;-1;0;0;0;0;0;0;0;0;0;0;0;0;0;0;0;0;0;0;0;0;0;0;0;0;0;0;0;0;0;0;0;0;0;0;0;0;0;0;0;0;0;0;0;0;0;0;0;0;0;0;0;0;0;-1;0;-1;-1;0;0;0;-1;0;-1;0;-1;41910000;41913014;0;False;0;-1;h012400;;-1;0;0;0;-1;0;0;0;0;0;1;
m10_00_00_00;c4200_9004;c4200;9004;;<-300.102, 64.9, 203.318>;<0, 170.28, 0>;<1, 1, 1>;3;-1;10000544;0;0;0;0;0;False;0;0;1;0;True;False;False;False;0;False;0;0;0;0;0;0;0;0;0;0;-1;0;0;0;0;0;0;0;0;0;0;0;0;0;0;0;0;0;0;0;0;0;0;0;0;0;0;0;0;0;0;0;0;0;0;0;0;0;0;0;0;0;0;0;0;0;0;0;0;0;0;0;0;0;-1;0;-1;-1;0;0;0;-1;0;-1;0;-1;42000100;42000014;0;False;0;-1;h012200;;-1;0;0;0;700;0;0;0;0;0;1;
m10_00_00_00;c4200_9005;c4200;9005;;<-305.374, 61.738, 225.472>;<0, -129.72, 0>;<1, 1, 1>;3;-1;1000151;0;0;0;0;0;False;0;0;1;0;True;False;False;False;0;False;0;0;0;0;0;0;0;0;0;0;-1;0;0;0;0;0;0;0;0;0;0;0;0;0;0;0;0;0;0;0;0;0;0;0;0;0;0;0;0;0;0;0;0;0;0;0;0;0;0;0;0;0;0;0;0;0;0;0;0;0;0;0;0;0;-1;0;-1;-1;0;0;0;-1;0;-1;0;-1;42000100;42000014;0;False;0;-1;h012200;;-1;0;0;0;700;0;0;0;0;0;1;
m10_00_00_00;c4200_9006;c4200;9006;;<-303.221, 61.014, 233.679>;<0, -4.72, 0>;<1, 1, 1>;3;-1;1000152;0;0;0;0;0;False;0;0;1;0;True;False;False;False;0;False;0;0;0;0;0;0;0;0;0;0;-1;0;0;0;0;0;0;0;0;0;0;0;0;0;0;0;0;0;0;0;0;0;0;0;0;0;0;0;0;0;0;0;0;0;0;0;0;0;0;0;0;0;0;0;0;0;0;0;0;0;0;0;0;0;-1;0;-1;-1;0;0;0;-1;0;-1;0;-1;42000100;42000014;0;False;0;-1;h012200;;-1;0;0;0;700;0;0;0;0;0;1;
m10_00_00_00;c4210_9000;c4210;9000;;<-184.635, 42.857, -37.329>;<0, -116.351, 0>;<1, 1, 1>;0;-1;10000460;0;0;0;0;0;False;0;0;1;0;True;False;False;False;0;False;0;0;0;10005460;0;0;0;0;0;0;-1;0;0;0;0;0;0;0;0;0;0;0;0;0;0;0;0;0;0;0;0;0;0;0;0;0;0;0;0;0;0;0;0;0;0;0;0;0;0;0;0;0;0;0;0;0;0;0;0;0;0;0;0;0;-1;0;-1;-1;0;0;0;-1;0;-1;0;-1;42100200;42101214;0;False;0;-1;h002500;;-1;0;0;0;701;0;0;0;0;0;1;
m10_00_00_00;c4210_9001;c4210;9001;;<-157.89, 14.948, -59.894>;<0, -74.48, 0>;<1, 1, 1>;0;-1;10000461;0;0;0;0;0;False;0;0;1;0;True;False;False;False;0;False;0;0;0;10005460;0;0;0;0;0;0;-1;0;0;0;0;0;0;0;0;0;0;0;0;0;0;0;0;0;0;0;0;0;0;0;0;0;0;0;0;0;0;0;0;0;0;0;0;0;0;0;0;0;0;0;0;0;0;0;0;0;0;0;0;0;-1;0;-1;-1;0;0;0;-1;0;-1;0;-1;42100000;42101014;0;False;0;-1;h002200;;-1;0;0;0;700;0;0;0;0;0;1;
m10_00_00_00;c4210_9002;c4210;9002;;<-161.31, 23.449, -61.917>;<0, -58.253, 0>;<1, 1, 1>;0;-1;10000462;0;0;0;0;0;False;0;0;1;0;True;False;False;False;0;False;0;0;0;10005460;0;0;0;0;0;0;-1;0;0;0;0;0;0;0;0;0;0;0;0;0;0;0;0;0;0;0;0;0;0;0;0;0;0;0;0;0;0;0;0;0;0;0;0;0;0;0;0;0;0;0;0;0;0;0;0;0;0;0;0;0;-1;0;-1;-1;0;0;0;-1;0;-1;0;-1;42100000;42101214;0;False;0;-1;h002200;;-1;0;0;0;701;0;0;0;0;0;1;
m10_00_00_00;c4210_9003;c4210;9003;;<-212.867, 36.994, -84.795>;<0, -155.992, 0>;<1, 1, 1>;0;-1;10000463;0;0;0;0;0;False;0;0;1;0;True;False;False;False;0;False;0;0;0;10005460;0;0;0;0;0;0;-1;0;0;0;0;0;0;0;0;0;0;0;0;0;0;0;0;0;0;0;0;0;0;0;0;0;0;0;0;0;0;0;0;0;0;0;0;0;0;0;0;0;0;0;0;0;0;0;0;0;0;0;0;0;-1;0;-1;-1;0;0;0;-1;0;-1;0;-1;42100000;42101214;0;False;0;-1;h002000;;-1;0;0;0;701;0;0;0;0;0;1;
m10_00_00_00;c4210_9004;c4210;9004;;<-208.32, 38.661, -86.197>;<0, -166.941, 0>;<1, 1, 1>;0;-1;10000464;0;0;0;0;0;False;0;0;1;0;True;False;False;False;0;False;0;0;0;10005460;0;0;0;0;0;0;-1;0;0;0;0;0;0;0;0;0;0;0;0;0;0;0;0;0;0;0;0;0;0;0;0;0;0;0;0;0;0;0;0;0;0;0;0;0;0;0;0;0;0;0;0;0;0;0;0;0;0;0;0;0;-1;0;-1;-1;0;0;0;-1;0;-1;0;-1;42100000;42101214;0;False;0;-1;h002200;;-1;0;0;0;701;0;0;0;0;0;1;
m10_00_00_00;c4210_9005;c4210;9005;;<-206.999, 27.579, -79.752>;<0, -110.993, 0>;<1, 1, 1>;0;-1;10000465;0;0;0;0;0;False;0;0;1;0;True;False;False;False;0;False;0;0;0;10005460;0;0;0;0;0;0;-1;0;0;0;0;0;0;0;0;0;0;0;0;0;0;0;0;0;0;0;0;0;0;0;0;0;0;0;0;0;0;0;0;0;0;0;0;0;0;0;0;0;0;0;0;0;0;0;0;0;0;0;0;0;-1;0;-1;-1;0;0;0;-1;0;-1;0;-1;42100000;42101014;0;False;0;-1;h002200;;-1;0;0;0;700;0;0;0;0;0;1;
m10_00_00_00;c4210_9010;c4210;9010;;<-271.146, 98.32, 144.921>;<0, 24.008, 0>;<1, 1, 1>;3;-1;10000470;0;0;0;0;0;False;0;0;1;0;True;False;False;False;0;False;0;0;0;10005460;0;0;0;0;0;0;-1;0;0;0;0;0;0;0;0;0;0;0;0;0;0;0;0;0;0;0;0;0;0;0;0;0;0;0;0;0;0;0;0;0;0;0;0;0;0;0;0;0;0;0;0;0;0;0;0;0;0;0;0;0;-1;0;-1;-1;0;0;0;-1;0;-1;0;-1;42100100;42101114;0;False;0;-1;h005100;;-1;0;0;0;704;0;0;0;0;0;1;
m10_00_00_00;c4210_9011;c4210;9011;;<-283.181, 96.407, 168.482>;<0, -28.363, 0>;<1, 1, 1>;3;-1;10000471;0;0;0;0;0;False;0;0;1;0;True;False;False;False;0;False;0;0;0;10005460;0;0;0;0;0;0;-1;0;0;0;0;0;0;0;0;0;0;0;0;0;0;0;0;0;0;0;0;0;0;0;0;0;0;0;0;0;0;0;0;0;0;0;0;0;0;0;0;0;0;0;0;0;0;0;0;0;0;0;0;0;-1;0;-1;-1;0;0;0;-1;0;-1;0;-1;42100100;42101114;0;False;0;-1;h005100;;-1;0;0;0;704;0;0;0;0;0;1;
m10_00_00_00;c4210_9012;c4210;9012;;<-293.269, 98.308, 160.466>;<0, -130.992, 0>;<1, 1, 1>;3;-1;10000472;0;0;0;0;0;False;0;0;1;0;True;False;False;False;0;False;0;0;0;10005460;0;0;0;0;0;0;-1;0;0;0;0;0;0;0;0;0;0;0;0;0;0;0;0;0;0;0;0;0;0;0;0;0;0;0;0;0;0;0;0;0;0;0;0;0;0;0;0;0;0;0;0;0;0;0;0;0;0;0;0;0;-1;0;-1;-1;0;0;0;-1;0;-1;0;-1;42100100;42101114;0;False;0;-1;h005100;;-1;0;0;0;704;0;0;0;0;0;1;
m10_00_00_00;c4210_9013;c4210;9013;;<-302.352, 96.294, 209.439>;<0, -60.992, 0>;<1, 1, 1>;3;-1;10000473;0;0;0;0;0;False;0;0;1;0;True;False;False;False;0;False;0;0;0;10005460;0;0;0;0;0;0;-1;0;0;0;0;0;0;0;0;0;0;0;0;0;0;0;0;0;0;0;0;0;0;0;0;0;0;0;0;0;0;0;0;0;0;0;0;0;0;0;0;0;0;0;0;0;0;0;0;0;0;0;0;0;-1;0;-1;-1;0;0;0;-1;0;-1;0;-1;42100100;42101214;0;False;0;-1;h005100;;-1;0;0;0;704;0;0;0;0;0;1;
m10_00_00_00;c4210_9015;c4210;9015;;<-192.879, 77.814, 233.757>;<0, 112.367, 0>;<1, 1, 1>;3;-1;10000475;0;0;0;0;0;False;0;0;1;0;True;False;False;False;0;False;0;0;0;10005460;0;0;0;0;0;0;-1;0;0;0;0;0;0;0;0;0;0;0;0;0;0;0;0;0;0;0;0;0;0;0;0;0;0;0;0;0;0;0;0;0;0;0;0;0;0;0;0;0;0;0;0;0;0;0;0;0;0;0;0;0;-1;0;-1;-1;0;0;0;-1;0;-1;0;-1;42100000;42100114;0;False;0;-1;h010000;;-1;0;0;0;701;0;0;0;0;0;1;
m10_00_00_00;c4210_9017;c4210;9017;;<-207.738, 77.669, 241.743>;<0, 74.378, 0>;<1, 1, 1>;3;-1;10000477;0;0;0;0;0;False;0;0;1;0;True;False;False;False;0;False;0;0;0;10005460;0;0;0;0;0;0;-1;0;0;0;0;0;0;0;0;0;0;0;0;0;0;0;0;0;0;0;0;0;0;0;0;0;0;0;0;0;0;0;0;0;0;0;0;0;0;0;0;0;0;0;0;0;0;0;0;0;0;0;0;0;-1;0;-1;-1;0;0;0;-1;0;-1;0;-1;42100000;42100114;0;False;0;-1;h010100;;-1;0;0;0;701;0;0;0;0;0;1;
m10_00_00_00;c4210_9020;c4210;9020;;<-180.33, 82.859, 247.45>;<0, -130.992, 0>;<1, 1, 1>;3;-1;10000480;0;0;0;0;0;False;0;0;1;0;True;False;False;False;0;False;0;0;0;10005460;0;0;0;0;0;0;-1;0;0;0;0;0;0;0;0;0;0;0;0;0;0;0;0;0;0;0;0;0;0;0;0;0;0;0;0;0;0;0;0;0;0;0;0;0;0;0;0;0;0;0;0;0;0;0;0;0;0;0;0;0;-1;0;-1;-1;0;0;0;-1;0;-1;0;-1;42100100;42100014;0;False;0;-1;h010600;;-1;0;0;0;-1;0;0;0;0;0;1;
m10_00_00_00;c4210_9021;c4210;9021;;<-182.73, 82.876, 246.32>;<0, -83.12, 0>;<1, 1, 1>;3;-1;10000481;0;0;0;0;0;False;0;0;1;0;True;False;False;False;0;False;0;0;0;10005460;0;0;0;0;0;0;-1;0;0;0;0;0;0;0;0;0;0;0;0;0;0;0;0;0;0;0;0;0;0;0;0;0;0;0;0;0;0;0;0;0;0;0;0;0;0;0;0;0;0;0;0;0;0;0;0;0;0;0;0;0;-1;0;-1;-1;0;0;0;-1;0;-1;0;-1;42100100;42101014;0;False;0;-1;h010600;;-1;0;0;0;700;0;0;0;0;0;1;
m10_00_00_00;c4210_9026;c4210;9026;;<-222.761, 94.593, 105.593>;<0, -115.992, 0>;<1, 1, 1>;3;-1;10000486;0;0;0;0;0;False;0;0;1;0;True;False;False;False;0;False;0;0;0;10005460;0;0;0;0;0;0;-1;0;0;0;0;0;0;0;0;0;0;0;0;0;0;0;0;0;0;0;0;0;0;0;0;0;0;0;0;0;0;0;0;0;0;0;0;0;0;0;0;0;0;0;0;0;0;0;0;0;0;0;0;0;-1;0;-1;-1;0;0;0;-1;0;-1;0;-1;42100000;42100114;0;False;0;-1;h013200;;-1;0;0;0;-1;0;0;0;0;0;1;
m10_00_00_00;c4270_9000;c4270;9000;;<-110.51, 36.989, 85.867>;<-0.642, 124.366, -2.454>;<1, 1, 1>;0;-1;10000289;0;0;0;0;0;False;0;0;1;0;True;False;False;False;0;False;0;0;0;0;0;0;0;0;0;10005102;-1;0;0;0;0;0;0;0;0;0;0;0;0;0;0;0;0;0;0;0;0;0;0;0;0;0;0;0;0;0;0;0;0;0;0;0;0;0;0;0;0;0;0;0;0;0;0;0;0;0;0;0;0;0;-1;0;-1;-1;0;0;0;-1;0;-1;0;-1;42700100;42700014;0;False;0;-1;h008600;;-1;0;0;0;-1;0;0;0;0;0;1;
m10_00_00_00;c4490_9000;c4490;9000;;<-265.25, 88.696, 267.258>;<0, -64.986, 0>;<1, 1, 1>;3;-1;10000520;0;0;0;0;0;False;0;0;1;0;True;False;False;False;0;False;0;0;0;0;0;0;0;0;0;0;-1;0;0;0;0;0;0;0;0;0;0;0;0;0;0;0;0;0;0;0;0;0;0;0;0;0;0;0;0;0;0;0;0;0;0;0;0;0;0;0;0;0;0;0;0;0;0;0;0;0;0;0;0;0;-1;0;-1;-1;0;0;0;-1;0;-1;0;-1;44900000;44907014;0;False;0;-1;h010500;;-1;0;0;0;-1;0;0;0;0;0;1;
m10_00_00_00;c4491_9000;c4491;9000;;<-256.311, 88.459, 265.12>;<0, -104.62, 0>;<1, 1, 1>;3;-1;10000530;0;0;0;0;0;False;0;0;1;0;True;False;False;False;0;False;0;0;10005231;0;0;0;0;0;0;0;-1;0;0;0;0;0;0;0;0;0;0;0;0;0;0;0;0;0;0;0;0;0;0;0;0;0;0;0;0;0;0;0;0;0;0;0;0;0;0;0;0;0;0;0;0;0;0;0;0;0;0;0;0;0;-1;0;-1;-1;0;0;0;-1;0;-1;0;-1;44910000;44910014;0;False;0;-1;h010500;;-1;0;0;0;701;0;0;0;0;0;1;
m10_00_00_00;c4491_9001;c4491;9001;;<-251.434, 88.286, 264.046>;<0, -133.429, 0>;<1, 1, 1>;3;-1;10000531;0;0;0;0;0;False;0;0;1;0;True;False;False;False;0;False;0;0;10005231;0;0;0;0;0;0;0;-1;0;0;0;0;0;0;0;0;0;0;0;0;0;0;0;0;0;0;0;0;0;0;0;0;0;0;0;0;0;0;0;0;0;0;0;0;0;0;0;0;0;0;0;0;0;0;0;0;0;0;0;0;0;-1;0;-1;-1;0;0;0;-1;0;-1;0;-1;44910000;44910014;0;False;0;-1;h010500;walk_route_c4491_9001_57;-1;0;0;0;-1;0;0;0;0;0;1;
m10_00_00_00;c4491_9002;c4491;9002;;<-266.853, 88.459, 264.284>;<0, -179.726, 0>;<1, 1, 1>;3;-1;10000532;0;0;0;0;0;False;0;0;1;0;True;False;False;False;0;False;0;0;10005231;0;0;0;0;0;0;0;-1;0;0;0;0;0;0;0;0;0;0;0;0;0;0;0;0;0;0;0;0;0;0;0;0;0;0;0;0;0;0;0;0;0;0;0;0;0;0;0;0;0;0;0;0;0;0;0;0;0;0;0;0;0;-1;0;-1;-1;0;0;0;-1;0;-1;0;-1;44910000;44910014;0;False;0;-1;h010500;;-1;0;0;0;701;0;0;0;0;0;1;
m10_00_00_00;c4491_9003;c4491;9003;;<-253.181, 88.396, 265.305>;<0, 176.932, 0>;<1, 1, 1>;3;-1;10000533;0;0;0;0;0;False;0;0;1;0;True;False;False;False;0;False;0;0;10005231;0;0;0;0;0;0;0;-1;0;0;0;0;0;0;0;0;0;0;0;0;0;0;0;0;0;0;0;0;0;0;0;0;0;0;0;0;0;0;0;0;0;0;0;0;0;0;0;0;0;0;0;0;0;0;0;0;0;0;0;0;0;-1;0;-1;-1;0;0;0;-1;0;-1;0;-1;44910000;44910014;0;False;0;-1;h010500;walk_route_c4491_9003_58;-1;0;0;0;-1;0;0;0;0;0;1;
m10_00_00_00;c4491_9004;c4491;9004;;<-266.081, 88.319, 265.023>;<0, -38.053, 0>;<1, 1, 1>;3;-1;10000534;0;0;0;0;0;False;0;0;1;0;True;False;False;False;0;False;0;0;10005231;0;0;0;0;0;0;0;-1;0;0;0;0;0;0;0;0;0;0;0;0;0;0;0;0;0;0;0;0;0;0;0;0;0;0;0;0;0;0;0;0;0;0;0;0;0;0;0;0;0;0;0;0;0;0;0;0;0;0;0;0;0;-1;0;-1;-1;0;0;0;-1;0;-1;0;-1;44910000;44910014;0;False;0;-1;h010500;;-1;0;0;0;701;0;0;0;0;0;1;
m10_00_00_00;c4491_9005;c4491;9005;;<-267.259, 88.406, 265.256>;<0, -11.382, 0>;<1, 1, 1>;3;-1;10000535;0;0;0;0;0;False;0;0;1;0;True;False;False;False;0;False;0;0;10005231;0;0;0;0;0;0;0;-1;0;0;0;0;0;0;0;0;0;0;0;0;0;0;0;0;0;0;0;0;0;0;0;0;0;0;0;0;0;0;0;0;0;0;0;0;0;0;0;0;0;0;0;0;0;0;0;0;0;0;0;0;0;-1;0;-1;-1;0;0;0;-1;0;-1;0;-1;44910000;44910014;0;False;0;-1;h010500;;-1;0;0;0;701;0;0;0;0;0;1;
m10_00_00_00;c4491_9006;c4491;9006;;<-247.12, 88.361, 270.94>;<0, 70.177, 0>;<1, 1, 1>;3;-1;10000536;0;0;0;0;0;False;0;0;1;0;True;False;False;False;0;False;0;0;10005231;0;0;0;0;0;0;0;-1;0;0;0;0;0;0;0;0;0;0;0;0;0;0;0;0;0;0;0;0;0;0;0;0;0;0;0;0;0;0;0;0;0;0;0;0;0;0;0;0;0;0;0;0;0;0;0;0;0;0;0;0;0;-1;0;-1;-1;0;0;0;-1;0;-1;0;-1;44910000;44910014;0;False;0;-1;h010500;walk_route_c4491_9006_59;-1;0;0;0;-1;0;0;0;0;0;1;
m10_00_00_00;c4600_9000;c4600;9000;;<-179.068, 78.617, 282.068>;<0, -25.034, 0>;<1, 1, 1>;3;-1;10000660;0;0;0;0;0;False;0;0;1;0;True;False;False;False;0;False;0;0;0;0;0;0;0;0;0;10005100;-1;0;0;0;0;0;0;0;0;0;0;0;0;0;0;0;0;0;0;0;0;0;0;0;0;0;0;0;0;0;0;0;0;0;0;0;0;0;0;0;0;0;0;0;0;0;0;0;0;0;0;0;0;0;-1;0;-1;-1;0;0;0;-1;0;-1;0;-1;46000000;46000014;0;False;0;-1;h010300;;-1;0;0;0;700;0;0;0;0;0;1;
m10_00_00_00;c4640_9000;c4640;9000;;<-258.624, 13.846, 147.009>;<-0, 158.013, 0>;<1, 1, 1>;3;-1;10000291;0;0;0;0;0;False;0;0;1;0;True;False;False;False;0;False;0;0;0;0;0;0;0;0;0;0;-1;0;0;0;0;0;0;0;0;0;0;0;0;0;0;0;0;0;0;0;0;0;0;0;0;0;0;0;0;0;0;0;0;0;0;0;0;0;0;0;0;0;0;0;0;0;0;0;0;0;0;0;0;0;-1;0;-1;-1;0;0;0;-1;0;-1;0;-1;46400000;46400014;0;False;0;-1;h012500;;-1;0;0;0;-1;0;46400010;0;0;0;1;
m10_00_00_00;c4690_9000;c4690;9000;;<-200.688, 67.672, 112.636>;<0, 63.85, 0>;<1, 1, 1>;3;-1;10000280;0;0;0;0;0;False;0;0;1;0;True;False;False;False;0;False;0;0;0;0;0;0;0;0;0;0;-1;0;0;0;0;0;0;0;0;0;0;0;0;0;0;0;0;0;0;0;0;0;0;0;0;0;0;0;0;0;0;0;0;0;0;0;0;0;0;0;0;0;0;0;0;0;0;0;0;0;0;0;0;0;-1;0;-1;-1;0;0;0;-1;0;-1;0;-1;46900000;46900014;0;False;0;-1;h007100;walk_route_c4690_9000_25;-1;0;0;0;-1;0;46900010;0;0;0;1;
m10_00_00_00;c4750_9000;c4750;9000;;<-235.646, 73.756, 348.293>;<0, 48.16, 0>;<1, 1, 1>;3;-1;10000800;0;0;0;0;0;False;0;0;1;0;True;False;False;False;0;False;0;0;10005800;0;0;0;0;0;0;10005106;-1;0;1;0;0;0;0;0;0;0;0;0;0;0;0;0;0;0;0;0;0;0;0;0;0;0;0;0;0;0;0;0;0;0;0;0;0;0;0;0;0;0;0;0;0;0;0;0;0;0;0;0;0;0;-1;0;-1;-1;0;0;0;-1;0;-1;0;-1;47500000;47500014;207101000;False;0;-1;h014000;;-1;0;0;0;-1;0;0;0;0;0;1;
m10_00_00_00;c4751_9000;c4751;9000;;<-251.463, 73.791, 365.97>;<0, 146.93, 0>;<1, 1, 1>;0;-1;10000720;0;0;0;0;0;False;0;0;1;0;True;False;False;False;0;False;0;0;0;0;0;0;0;0;0;0;-1;0;0;0;0;0;0;0;0;0;0;0;0;0;0;0;0;0;0;0;0;0;0;0;0;0;0;0;0;0;0;0;0;0;0;0;0;0;0;0;0;0;0;0;0;0;0;0;0;0;0;0;0;0;-1;0;-1;-1;0;0;0;-1;0;-1;0;-1;500000000;47510014;0;False;0;-1;h014000;;-1;0;0;0;-1;0;0;0;0;0;1;
m10_00_00_00;c6001_9000;c6001;9000;;<-218.146, 115.606, 153.568>;<0, 136.879, 0>;<1, 1, 1>;3;-1;10000580;0;0;0;0;0;False;0;0;1;0;True;False;False;False;0;False;0;0;10005580;0;0;0;0;0;0;0;-1;0;0;0;0;0;0;0;0;0;0;0;0;0;0;0;0;0;0;0;0;0;0;0;0;0;0;0;0;0;0;0;0;0;0;0;0;0;0;0;0;0;0;0;0;0;0;0;0;0;0;0;0;0;-1;0;-1;-1;0;0;0;-1;0;-1;0;-1;60010000;60010014;0;False;0;-1;h013300;;-1;0;0;0;-1;0;0;0;0;0;1;
m10_00_00_00;c6001_9001;c6001;9001;;<-216.75, 115.606, 155.621>;<0, 156.879, 0>;<1, 1, 1>;3;-1;10000581;0;0;0;0;0;False;0;0;1;0;True;False;False;False;0;False;0;0;10005580;0;0;0;0;0;0;0;-1;0;0;0;0;0;0;0;0;0;0;0;0;0;0;0;0;0;0;0;0;0;0;0;0;0;0;0;0;0;0;0;0;0;0;0;0;0;0;0;0;0;0;0;0;0;0;0;0;0;0;0;0;0;-1;0;-1;-1;0;0;0;-1;0;-1;0;-1;60010000;60010014;0;False;0;-1;h013300;;-1;0;0;0;-1;0;0;0;0;0;1;
m10_00_00_00;c6001_9002;c6001;9002;;<-219.472, 115.597, 152.414>;<0, 96.879, 0>;<1, 1, 1>;3;-1;10000582;0;0;0;0;0;False;0;0;1;0;True;False;False;False;0;False;0;0;10005580;0;0;0;0;0;0;0;-1;0;0;0;0;0;0;0;0;0;0;0;0;0;0;0;0;0;0;0;0;0;0;0;0;0;0;0;0;0;0;0;0;0;0;0;0;0;0;0;0;0;0;0;0;0;0;0;0;0;0;0;0;0;-1;0;-1;-1;0;0;0;-1;0;-1;0;-1;60010000;60010014;0;False;0;-1;h013300;;-1;0;0;0;-1;0;0;0;0;0;1;
m10_00_00_00;c6001_9003;c6001;9003;;<-215.593, 115.606, 155.118>;<0, 161.879, 0>;<1, 1, 1>;3;-1;10000583;0;0;0;0;0;False;0;0;1;0;True;False;False;False;0;False;0;0;10005580;0;0;0;0;0;0;0;-1;0;0;0;0;0;0;0;0;0;0;0;0;0;0;0;0;0;0;0;0;0;0;0;0;0;0;0;0;0;0;0;0;0;0;0;0;0;0;0;0;0;0;0;0;0;0;0;0;0;0;0;0;0;-1;0;-1;-1;0;0;0;-1;0;-1;0;-1;60010000;60010014;0;False;0;-1;h013300;;-1;0;0;0;-1;0;0;0;0;0;1;
m10_00_00_00;c6001_9004;c6001;9004;;<-213.875, 115.639, 154.849>;<0, -143.121, 0>;<1, 1, 1>;3;-1;10000584;0;0;0;0;0;False;0;0;1;0;True;False;False;False;0;False;0;0;10005580;0;0;0;0;0;0;0;-1;0;0;0;0;0;0;0;0;0;0;0;0;0;0;0;0;0;0;0;0;0;0;0;0;0;0;0;0;0;0;0;0;0;0;0;0;0;0;0;0;0;0;0;0;0;0;0;0;0;0;0;0;0;-1;0;-1;-1;0;0;0;-1;0;-1;0;-1;60010000;60010014;0;False;0;-1;h013300;;-1;0;0;0;-1;0;0;0;0;0;1;
m10_00_00_00;c6001_9005;c6001;9005;;<-214.273, 115.606, 153.428>;<0, -158.121, 0>;<1, 1, 1>;3;-1;10000585;0;0;0;0;0;False;0;0;1;0;True;False;False;False;0;False;0;0;10005580;0;0;0;0;0;0;0;-1;0;0;0;0;0;0;0;0;0;0;0;0;0;0;0;0;0;0;0;0;0;0;0;0;0;0;0;0;0;0;0;0;0;0;0;0;0;0;0;0;0;0;0;0;0;0;0;0;0;0;0;0;0;-1;0;-1;-1;0;0;0;-1;0;-1;0;-1;60010000;60010014;0;False;0;-1;h013300;;-1;0;0;0;-1;0;0;0;0;0;1;
m10_00_00_00;c6001_9006;c6001;9006;;<-216.851, 115.606, 151.909>;<0, 116.879, 0>;<1, 1, 1>;3;-1;10000586;0;0;0;0;0;False;0;0;1;0;True;False;False;False;0;False;0;0;10005580;0;0;0;0;0;0;0;-1;0;0;0;0;0;0;0;0;0;0;0;0;0;0;0;0;0;0;0;0;0;0;0;0;0;0;0;0;0;0;0;0;0;0;0;0;0;0;0;0;0;0;0;0;0;0;0;0;0;0;0;0;0;-1;0;-1;-1;0;0;0;-1;0;-1;0;-1;60010000;60010014;0;False;0;-1;h013300;;-1;0;0;0;-1;0;0;0;0;0;1;
m10_00_00_00;c6001_9007;c6001;9007;;<-218.064, 115.612, 156.133>;<0, 141.879, 0>;<1, 1, 1>;3;-1;10000587;0;0;0;0;0;False;0;0;1;0;True;False;False;False;0;False;0;0;10005581;0;0;0;0;0;0;0;-1;0;0;0;0;0;0;0;0;0;0;0;0;0;0;0;0;0;0;0;0;0;0;0;0;0;0;0;0;0;0;0;0;0;0;0;0;0;0;0;0;0;0;0;0;0;0;0;0;0;0;0;0;0;-1;0;-1;-1;0;0;0;-1;0;-1;0;-1;60010000;60010014;0;False;0;-1;h013300;;-1;0;0;0;-1;0;0;0;0;0;1;
m10_00_00_00;c6001_9008;c6001;9008;;<-228.113, 115.606, 146.58>;<0, 71.879, 0>;<1, 1, 1>;3;-1;10000589;0;0;0;0;0;False;0;0;1;0;True;False;False;False;0;False;0;0;10005581;0;0;0;0;0;0;0;-1;0;0;0;0;0;0;0;0;0;0;0;0;0;0;0;0;0;0;0;0;0;0;0;0;0;0;0;0;0;0;0;0;0;0;0;0;0;0;0;0;0;0;0;0;0;0;0;0;0;0;0;0;0;-1;0;-1;-1;0;0;0;-1;0;-1;0;-1;60010000;60010014;0;False;0;-1;h013300;;-1;0;0;0;-1;0;0;0;0;0;1;
m10_00_00_00;c6001_9009;c6001;9009;;<-228.72, 115.606, 145.203>;<0, 51.879, 0>;<1, 1, 1>;3;-1;10000590;0;0;0;0;0;False;0;0;1;0;True;False;False;False;0;False;0;0;10005581;0;0;0;0;0;0;0;-1;0;0;0;0;0;0;0;0;0;0;0;0;0;0;0;0;0;0;0;0;0;0;0;0;0;0;0;0;0;0;0;0;0;0;0;0;0;0;0;0;0;0;0;0;0;0;0;0;0;0;0;0;0;-1;0;-1;-1;0;0;0;-1;0;-1;0;-1;60010000;60010014;0;False;0;-1;h013300;;-1;0;0;0;-1;0;0;0;0;0;1;
m10_00_00_00;c6001_9010;c6001;9010;;<-230.246, 115.635, 147.1>;<0, 91.879, 0>;<1, 1, 1>;3;-1;10000591;0;0;0;0;0;False;0;0;1;0;True;False;False;False;0;False;0;0;10005581;0;0;0;0;0;0;0;-1;0;0;0;0;0;0;0;0;0;0;0;0;0;0;0;0;0;0;0;0;0;0;0;0;0;0;0;0;0;0;0;0;0;0;0;0;0;0;0;0;0;0;0;0;0;0;0;0;0;0;0;0;0;-1;0;-1;-1;0;0;0;-1;0;-1;0;-1;60010000;60010014;0;False;0;-1;h013300;;-1;0;0;0;-1;0;0;0;0;0;1;
m10_00_00_00;c6001_9011;c6001;9011;;<-229.301, 115.606, 148.199>;<0, 96.879, 0>;<1, 1, 1>;3;-1;10000592;0;0;0;0;0;False;0;0;1;0;True;False;False;False;0;False;0;0;10005581;0;0;0;0;0;0;0;-1;0;0;0;0;0;0;0;0;0;0;0;0;0;0;0;0;0;0;0;0;0;0;0;0;0;0;0;0;0;0;0;0;0;0;0;0;0;0;0;0;0;0;0;0;0;0;0;0;0;0;0;0;0;-1;0;-1;-1;0;0;0;-1;0;-1;0;-1;60010000;60010014;0;False;0;-1;h013300;;-1;0;0;0;-1;0;0;0;0;0;1;
m10_00_00_00;c6001_9012;c6001;9012;;<-229.541, 115.606, 150.036>;<0, 131.879, 0>;<1, 1, 1>;3;-1;10000593;0;0;0;0;0;False;0;0;1;0;True;False;False;False;0;False;0;0;10005581;0;0;0;0;0;0;0;-1;0;0;0;0;0;0;0;0;0;0;0;0;0;0;0;0;0;0;0;0;0;0;0;0;0;0;0;0;0;0;0;0;0;0;0;0;0;0;0;0;0;0;0;0;0;0;0;0;0;0;0;0;0;-1;0;-1;-1;0;0;0;-1;0;-1;0;-1;60010000;60010014;0;False;0;-1;h013300;;-1;0;0;0;-1;0;0;0;0;0;1;
m10_00_00_00;c6001_9013;c6001;9013;;<-227.889, 115.606, 149.858>;<0, 116.879, 0>;<1, 1, 1>;3;-1;10000594;0;0;0;0;0;False;0;0;1;0;True;False;False;False;0;False;0;0;10005581;0;0;0;0;0;0;0;-1;0;0;0;0;0;0;0;0;0;0;0;0;0;0;0;0;0;0;0;0;0;0;0;0;0;0;0;0;0;0;0;0;0;0;0;0;0;0;0;0;0;0;0;0;0;0;0;0;0;0;0;0;0;-1;0;-1;-1;0;0;0;-1;0;-1;0;-1;60010000;60010014;0;False;0;-1;h013300;;-1;0;0;0;-1;0;0;0;0;0;1;
m10_00_00_00;c6001_9014;c6001;9014;;<-225.75, 115.606, 149.602>;<0, 156.879, 0>;<1, 1, 1>;3;-1;10000595;0;0;0;0;0;False;0;0;1;0;True;False;False;False;0;False;0;0;10005581;0;0;0;0;0;0;0;-1;0;0;0;0;0;0;0;0;0;0;0;0;0;0;0;0;0;0;0;0;0;0;0;0;0;0;0;0;0;0;0;0;0;0;0;0;0;0;0;0;0;0;0;0;0;0;0;0;0;0;0;0;0;-1;0;-1;-1;0;0;0;-1;0;-1;0;-1;60010000;60010014;0;False;0;-1;h013300;;-1;0;0;0;-1;0;0;0;0;0;1;
m10_00_00_00;c8100_9000;c8100;9000;;<-167.031, 42.301, 56.735>;<0, -82.685, 0>;<1, 1, 1>;0;-1;1000153;0;0;0;0;0;False;0;0;1;0;True;False;False;False;0;False;0;0;10005217;0;0;0;0;0;0;0;-1;0;0;0;0;0;0;0;0;0;0;0;0;0;0;0;0;0;0;0;0;0;0;0;0;0;0;0;0;0;0;0;0;0;0;0;0;0;0;0;0;0;0;0;0;0;0;0;0;0;0;0;0;0;-1;0;-1;-1;0;0;0;-1;0;-1;0;-1;81000000;81000014;0;False;0;-1;h008700;;-1;0;0;0;-1;0;0;0;0;0;1;
m10_00_00_00;c8100_9001;c8100;9001;;<-168.971, 45.275, 67.338>;<0, -33.294, 0>;<1, 1, 1>;0;-1;1000154;0;0;0;0;0;False;0;0;1;0;True;False;False;False;0;False;0;0;10005217;0;0;0;0;0;0;0;-1;0;0;0;0;0;0;0;0;0;0;0;0;0;0;0;0;0;0;0;0;0;0;0;0;0;0;0;0;0;0;0;0;0;0;0;0;0;0;0;0;0;0;0;0;0;0;0;0;0;0;0;0;0;-1;0;-1;-1;0;0;0;-1;0;-1;0;-1;81000000;81000014;0;False;0;-1;h008700;;-1;0;0;0;-1;0;0;0;0;0;1;
m10_00_00_00;c8100_9002;c8100;9002;;<-165.544, 42.305, 60.455>;<0, -40.451, 0>;<1, 1, 1>;0;-1;1000155;0;0;0;0;0;False;0;0;1;0;True;False;False;False;0;False;0;0;10005217;0;0;0;0;0;0;0;-1;0;0;0;0;0;0;0;0;0;0;0;0;0;0;0;0;0;0;0;0;0;0;0;0;0;0;0;0;0;0;0;0;0;0;0;0;0;0;0;0;0;0;0;0;0;0;0;0;0;0;0;0;0;-1;0;-1;-1;0;0;0;-1;0;-1;0;-1;81000000;81000014;0;False;0;-1;h008700;;-1;0;0;0;-1;0;0;0;0;0;1;
m10_00_00_00;c8100_9003;c8100;9003;;<-167.34, 42.309, 65.001>;<0, -58.294, 0>;<1, 1, 1>;0;-1;1000156;0;0;0;0;0;False;0;0;1;0;True;False;False;False;0;False;0;0;0;0;0;0;0;0;0;0;-1;0;0;0;0;0;0;0;0;0;0;0;0;0;0;0;0;0;0;0;0;0;0;0;0;0;0;0;0;0;0;0;0;0;0;0;0;0;0;0;0;0;0;0;0;0;0;0;0;0;0;0;0;0;-1;0;-1;-1;0;0;0;-1;0;-1;0;-1;81000000;81000014;0;False;0;-1;h008700;;-1;0;0;0;-1;0;0;0;0;0;1;
m10_00_00_00;c8100_9004;c8100;9004;;<-173.516, 38.365, 52.445>;<0, -82.685, 0>;<1, 1, 1>;0;-1;1000157;0;0;0;0;0;False;0;0;1;0;True;False;False;False;0;False;0;0;0;0;0;0;0;0;0;0;-1;0;0;0;0;0;0;0;0;0;0;0;0;0;0;0;0;0;0;0;0;0;0;0;0;0;0;0;0;0;0;0;0;0;0;0;0;0;0;0;0;0;0;0;0;0;0;0;0;0;0;0;0;0;-1;0;-1;-1;0;0;0;-1;0;-1;0;-1;81000000;81000014;0;False;0;-1;h008700;;-1;0;0;0;-1;0;0;0;0;0;1;
m10_00_00_00;c8100_9010;c8100;9010;;<-153.034, 58.436, 170.849>;<0, -3.105, 0>;<1, 1, 1>;0;-1;1000158;0;0;0;0;0;False;0;0;1;0;True;False;False;False;0;False;0;0;0;0;0;10005360;0;0;0;0;-1;0;0;0;0;0;0;0;0;0;0;0;0;0;0;0;0;0;0;0;0;0;0;0;0;0;0;0;0;0;0;0;0;0;0;0;0;0;0;0;0;0;0;0;0;0;0;0;0;0;0;0;0;0;-1;0;-1;-1;0;0;0;-1;0;-1;0;-1;81000000;81000014;0;False;0;-1;h008300;;-1;0;0;0;-1;0;0;0;0;0;1;
m10_00_00_00;c8100_9011;c8100;9011;;<-145.796, 52.751, 138.945>;<0, 155.183, 0>;<1, 1, 1>;0;-1;1000159;0;0;0;0;0;False;0;0;1;0;True;False;False;False;0;False;0;0;0;0;0;10005360;0;0;0;0;-1;0;0;0;0;0;0;0;0;0;0;0;0;0;0;0;0;0;0;0;0;0;0;0;0;0;0;0;0;0;0;0;0;0;0;0;0;0;0;0;0;0;0;0;0;0;0;0;0;0;0;0;0;0;-1;0;-1;-1;0;0;0;-1;0;-1;0;-1;81000000;81000014;0;False;0;-1;h008400;;-1;0;0;0;-1;0;0;0;0;0;1;
m10_00_00_00;c8110_9000;c8110;9000;;<-236.811, 66.644, 185.98>;<0, -34.006, 0>;<1, 1, 1>;3;-1;1000160;0;0;0;0;0;False;0;0;1;0;True;False;False;False;0;False;0;0;0;0;0;10005370;0;0;0;0;-1;0;0;0;0;0;0;0;0;0;0;0;0;0;0;0;0;0;0;0;0;0;0;0;0;0;0;0;0;0;0;0;0;0;0;0;0;0;0;0;0;0;0;0;0;0;0;0;0;0;0;0;0;0;-1;0;-1;-1;0;0;0;-1;0;-1;0;-1;81100000;81100014;0;False;0;-1;h008000;;-1;0;0;0;-1;0;0;0;0;0;1;
m10_00_00_00;c8110_9002;c8110;9002;;<-179.598, 58.009, 170.333>;<0, -71.222, 0>;<1, 1, 1>;3;-1;1000161;0;0;0;0;0;False;0;0;1;0;True;False;False;False;0;False;0;0;0;0;0;10005370;0;0;0;0;-1;0;0;0;0;0;0;0;0;0;0;0;0;0;0;0;0;0;0;0;0;0;0;0;0;0;0;0;0;0;0;0;0;0;0;0;0;0;0;0;0;0;0;0;0;0;0;0;0;0;0;0;0;0;-1;0;-1;-1;0;0;0;-1;0;-1;0;-1;81100000;81100014;0;False;0;-1;h008300;;-1;0;0;0;-1;0;0;0;0;0;1;
m10_00_00_00;c8110_9003;c8110;9003;;<-225.36, 66.921, 190.894>;<0, -22.296, 0>;<1, 1, 1>;3;-1;1000162;0;0;0;0;0;False;0;0;1;0;True;False;False;False;0;False;0;0;0;0;0;10005370;0;0;0;0;-1;0;0;0;0;0;0;0;0;0;0;0;0;0;0;0;0;0;0;0;0;0;0;0;0;0;0;0;0;0;0;0;0;0;0;0;0;0;0;0;0;0;0;0;0;0;0;0;0;0;0;0;0;0;-1;0;-1;-1;0;0;0;-1;0;-1;0;-1;81100000;81100014;0;False;0;-1;h008000;;-1;0;0;0;-1;0;0;0;0;0;1;
m10_00_00_00;c8110_9004;c8110;9004;;<-221.499, 66.977, 192.031>;<0, -21.557, 0>;<1, 1, 1>;3;-1;1000163;0;0;0;0;0;False;0;0;1;0;True;False;False;False;0;False;0;0;0;0;0;10005370;0;0;0;0;-1;0;0;0;0;0;0;0;0;0;0;0;0;0;0;0;0;0;0;0;0;0;0;0;0;0;0;0;0;0;0;0;0;0;0;0;0;0;0;0;0;0;0;0;0;0;0;0;0;0;0;0;0;0;-1;0;-1;-1;0;0;0;-1;0;-1;0;-1;81100000;81100014;0;False;0;-1;h008000;;-1;0;0;0;-1;0;0;0;0;0;1;
m10_00_00_00;c8110_9005;c8110;9005;;<-227.402, 66.862, 184.659>;<0, -36.557, 0>;<1, 1, 1>;3;-1;1000164;0;0;0;0;0;False;0;0;1;0;True;False;False;False;0;False;0;0;0;0;0;10005370;0;0;0;0;-1;0;0;0;0;0;0;0;0;0;0;0;0;0;0;0;0;0;0;0;0;0;0;0;0;0;0;0;0;0;0;0;0;0;0;0;0;0;0;0;0;0;0;0;0;0;0;0;0;0;0;0;0;0;-1;0;-1;-1;0;0;0;-1;0;-1;0;-1;81100000;81100014;0;False;0;-1;h008000;;-1;0;0;0;-1;0;0;0;0;0;1;
m10_00_00_00;c8110_9007;c8110;9007;;<-207.409, 67.646, 179.399>;<0, -66.557, 0>;<1, 1, 1>;3;-1;1000165;0;0;0;0;0;False;0;0;1;0;True;False;False;False;0;False;0;0;0;0;0;10005370;0;0;0;0;-1;0;0;0;0;0;0;0;0;0;0;0;0;0;0;0;0;0;0;0;0;0;0;0;0;0;0;0;0;0;0;0;0;0;0;0;0;0;0;0;0;0;0;0;0;0;0;0;0;0;0;0;0;0;-1;0;-1;-1;0;0;0;-1;0;-1;0;-1;81100000;81100014;0;False;0;-1;h008000;;-1;0;0;0;-1;0;0;0;0;0;1;
m10_00_00_00;c8110_9008;c8110;9008;;<-215.081, 66.782, 184.629>;<0, -56.557, 0>;<1, 1, 1>;3;-1;1000166;0;0;0;0;0;False;0;0;1;0;True;False;False;False;0;False;0;0;0;0;0;10005370;0;0;0;0;-1;0;0;0;0;0;0;0;0;0;0;0;0;0;0;0;0;0;0;0;0;0;0;0;0;0;0;0;0;0;0;0;0;0;0;0;0;0;0;0;0;0;0;0;0;0;0;0;0;0;0;0;0;0;-1;0;-1;-1;0;0;0;-1;0;-1;0;-1;81100000;81100014;0;False;0;-1;h008000;;-1;0;0;0;-1;0;0;0;0;0;1;
m10_00_00_00;c8110_9009;c8110;9009;;<-236.729, 66.734, 172.696>;<0, -74.006, 0>;<1, 1, 1>;3;-1;1000167;0;0;0;0;0;False;0;0;1;0;True;False;False;False;0;False;0;0;0;0;0;10005370;0;0;0;0;-1;0;0;0;0;0;0;0;0;0;0;0;0;0;0;0;0;0;0;0;0;0;0;0;0;0;0;0;0;0;0;0;0;0;0;0;0;0;0;0;0;0;0;0;0;0;0;0;0;0;0;0;0;0;-1;0;-1;-1;0;0;0;-1;0;-1;0;-1;81100000;81100014;0;False;0;-1;h008000;;-1;0;0;0;-1;0;0;0;0;0;1;
